1.2565713627091e-05;7.72017902432789e-06;0.00322616387561014;0.320799567515225;1.4740338288056e-06;0.0484280149951072;1.50061293808023e-05;0.391187398517922
2.47274049474212e-05;2.77532322878386e-06;0.0591170950678159;0.00526941861133838;1.08961772597295e-05;0.000203639817395066;0.126700213969793;2.01488051821601e-05
0.451445559836543;0.0119666469261057;4.0226526159873e-05;0.000134982798029542;3.44067210380777e-05;0.0148420766593098;0.00131000778789294;3.40871871837181e-06
9.03817385980832e-06;0.225084988432888;6.52087082929314e-05;1.38292745474913e-06;0.000127506637998747;2.97428310741226e-06;4.80583857367488e-06;4.95354687588549e-06
2.08420130809202e-05;0.997690365798983;3.97357147210669e-06;4.8581909860932e-05;0.241956044038614;1.72475881940571e-05;1.03034120472928e-05;0.0013746922997425
0.00955228956986527;0.00144660208205936;0.725734763870617;3.97135865377657e-05;0.0882867207213668;0.791350533854593;0.399584344677339;0.00740138598209797
2.61262082949197e-06;0.00203075345800456;0.000129049449142743;1.28409288717874e-05;3.18732528186265e-06;0.398591442548761;0.339745446385041;0.000581429054129593
2.76325163054421e-06;0.00844557673895891;0.0541783183622656;1.27108542695363e-06;0.00663076451968335;0.0427828507010666;1.65988592469856e-06;0.0291074788718084
8.21501950740532e-06;0.0686171682734232;0.000227079959282531;3.44489067199978e-05;0.000311002631775348;0.235955238967382;0.0129359145956277;3.3622340570563e-06
0.166482159043643;0.00971044925170496;1.1765601919628e-06;6.6628207003673e-05;0.0352224914057;3.84020849505045e-06;4.68998731040756e-06;1.29711246227689e-05
0.000627085313646031;0.173165133342012;0.30766413453834;0.0516061322353956;0.879210124602538;1.82393105024004e-06;1.0566015053085e-05;0.00185121094268149
0.00280177768082163;8.21231737766829e-06;3.65976192320373e-05;0.034608615654641;0.162177503365286;3.26567017963747e-05;0.000186827727063606;3.71656169209489e-06
0.00112833788537458;0.0298743548945015;5.7401243508433e-05;7.15229748146375e-05;7.19004301238397e-05;0.000724107022026438;3.00587724668692e-06;0.30194932143978
0.0634657505797323;0.00331265983825564;1.0621934818759e-05;0.00355527347101595;0.00194036288519795;1.31675999310398e-05;0.120189093107419;0.000111570463707438
7.82070248870875e-05;8.44793843085063e-06;0.00257578595071098;1.46409636152566e-05;0.00105263970148223;2.68659063325625e-05;5.20580158552037e-06;0.277034005450082
0.00295223589113607;0.351826593650102;0.000422832501576876;0.000105701853884172;0.00987275460437621;0.00220551253373588;0.0110086974213456;0.339789852155496
0.00387287814546367;0.00663272034032761;0.000600739481785192;5.23135409419341e-05;1.20013128721709e-05;0.359528653684913;0.00213394809384049;0.026649877699973
0.979631338487504;0.601266569982459;5.02648354018598e-06;1.06231375867664e-06;0.0353266960892616;1.47427018113712e-05;0.000627379001401816;0.0854143949314641
3.2328295742712e-06;2.0644310514025e-06;0.00044625058388771;0.00023552897431767;0.00306907765106626;0.00428554233801914;7.67135735115171e-06;1.16964374930483e-06
4.46490424002965e-06;0.0659592829304186;1.26816557909647e-05;0.163145324079162;0.023259310930988;0.278227608428529;0.000242536713805445;0.0102654744936731
0.0135886464526319;0.0185658110034962;5.36619548294923e-06;0.062118446247075;0.0016114291194207;0.00131040093884215;1.98737109373092e-05;0.232263628687099
0.0138087715618523;5.76086456350696e-06;0.690111847115792;0.0281604296463634;0.0154214229761669;0.00385977506085098;0.0112171755869009;0.00519014175862412
7.04768039948258e-06;0.000215282322517766;1.82566609427481e-06;0.000795858685625663;0.000942234066909518;0.131806829839208;0.000864509373224712;4.51604359611627e-05
0.000547444542602252;0.00772299782104114;9.50083152369023e-05;0.000635293830579685;4.11436402163838e-05;6.29660966160922e-05;6.73555479430524e-06;0.00353736110995192
0.747239003036626;0.00789006884732099;7.11946141364257e-06;0.421037584850602;0.289569420919724;0.0124445927521759;0.000342936804231628;0.318452927272571
0.00237324989217737;5.58398890342456e-06;0.00117456313297969;0.0137113304178763;2.59231101532395e-06;5.3658571459042e-05;0.361486602844604;0.0145542504426312
0.000220372315697523;0.000917502326728003;2.44000568215118e-06;0.206410121248894;0.000114523807865162;2.65551610654409e-05;3.94878414425744e-06;6.0696880711335e-06
0.034677121366496;1.51469846160233e-05;1.18142334884379e-05;1.00954120529121e-06;2.68147397899825e-06;8.81735808593354e-05;0.000259601866651772;0.0134578871528362
0.107952850791122;0.00909995096069919;0.018421269532934;9.62148427460483e-05;0.0222159492967748;0.000865962134365352;0.0709669745586073;0.00674057135160473
0.00425158835311398;0.000423524325484885;8.4385318949783e-06;0.0084766013392738;0.0278961483573494;1.51174015389797e-06;0.00421902207867235;0.00991811325039454
0.000366232302429556;0.92211190595091;2.1273229719396e-06;0.00659395492730505;0.338418444671211;0.000219617685268063;0.00519972784153191;7.42832555721934e-05
0.246406041405442;0.497372921855056;0.0655192962936134;0.233986818579076;0.000795694608150304;0.000101660812056441;0.0238356862109185;0.0368233017190098
0.000773033975670071;0.0249652359499724;5.80154715211464e-06;0.00648516780416129;0.00620082125465057;0.112042919014442;0.173208911420513;0.308489987758062
0.000803408879369296;0.00254691077002009;0.000355110610931986;0.0372682544862913;2.3070250785625e-06;1.021208036536e-06;1.1207167055414e-05;0.00255114447963599
0.000213514707759762;0.249450842439287;0.102144900646028;0.00396253631710702;0.000778445281413385;2.37252884851692e-06;0.59100634466137;1.40644956658865e-05
0.125914846300252;0.059217057911884;0.00286146456611747;0.000872747080756353;0.00229578996365288;0.00016583344744354;0.000140997399981342;0.00360542053855253
0.369636076316037;0.00293988015523159;4.50962986234768e-05;0.00808581735355847;0.247443641689527;0.0323742132620764;0.605399389178334;0.0458814946330599
0.0172130398180447;0.396784448968711;2.65984054799329e-05;0.389309736901274;0.000132906170311034;0.00044252604011913;2.4746116111388e-05;0.00499937511488555
0.0616144624216917;0.204261046140042;0.0259589272420057;9.09625030727679e-06;0.000223750929744295;3.79434054423799e-05;2.92209623041501e-06;0.0360276347482926
0.3469262696978;0.0130592266822423;0.00109603757459262;0.00237971723792678;7.83332595089325e-05;0.00658689437562654;0.0928137135389738;0.0427267852562704
5.0432564384255e-05;0.370844073926725;3.44353115450475e-05;0.000312869032315708;0.619711986252147;0.0346231958543451;0.000688746023227728;0.00415013450355143
1.96977421219217e-06;0.00654337419888431;1.603731881105e-05;0.00056429571294434;8.18905498039188e-06;0.00516392589954154;0.000216549616904522;8.10041218871057e-05
0.736107473761635;0.00011613605446928;1.05533337407475e-06;0.00074099041227141;0.000147303255944699;0.328575905258413;0.000533051574893608;0.0598620569872075
0.158255675007824;0.000652231676726906;2.3509613092322e-05;0.327302375033629;7.59840337174608e-05;8.9711625024953e-06;0.158811408625925;4.14363856246187e-05
0.0809054745474306;0.00104648521782872;0.0108825544991245;0.90742449696409;2.82297078108678e-06;3.89676410423498e-05;8.89235966079665e-05;1.07959387889964e-05
1.14583756830507e-05;0.170379337485398;0.00536562035798392;2.01103781838977e-05;0.00047817490261093;0.407517188255565;0.0189675548897716;0.520527289862635
0.0470617651326894;4.6037111611462e-06;0.0334216634956006;0.000676821002439787;1.03970336890517e-05;0.000198955132199031;2.59867591073242e-06;0.00572112216794072
0.00068290532937521;2.68942556466666e-06;0.000112450889259802;3.05763530653053e-05;0.126252433819917;6.56347895626419e-05;3.94868487123059e-05;4.11956746315123e-06
0.00349102372466961;0.000123027830278043;1.72749851052648e-05;0.0401953272664298;0.754087431715053;3.62223106381632e-06;2.71901140151519e-05;0.000351438673364102
1.1175527209291e-05;0.0640566896527453;0.00438575831473689;0.0190676835744267;2.43248093321475e-06;0.49512931997953;0.386247049032214;9.61756317877984e-06
0.0279837390910626;0.0452529069222944;0.0458835338362395;0.00038855721293578;0.0541983853024711;0.0353491873671855;9.15390926992947e-06;1.62374385969397e-05
0.0126445058935031;0.0017970544711233;2.94322815693598e-06;0.00164666148908578;0.000515044713116181;0.000456683405920656;0.00469217194249378;8.29799507024434e-06
0.00581273647267842;0.790534880774502;1.46237312425592e-05;0.000260220524595817;0.0501164031647955;0.00566473778917631;3.16648656243811e-05;0.0487043975046366
0.0433234687622187;7.68786792719025e-05;0.00308621092362983;1.51718600422012e-06;0.000410767993637067;3.47461286381211e-06;0.0223953475452242;2.52130024068546e-06
0.182335202837172;2.51631743858842e-05;0.000124522333442586;0.00494829743851243;2.94217565663176e-06;0.000368506741100901;1.61525261522485e-06;0.860862833627598
0.0307312744619743;4.500736632157e-06;0.0221051343834971;0.000216919989590581;1.39117019010124e-06;0.961771861360072;8.24926857014824e-05;0.000308711930044574
0.00530042983605865;4.35830739345982e-05;0.000212739690802507;0.0456950718639304;0.000583186690318236;0.000180296799193633;0.000660162346252349;3.34235312967753e-05
0.0734714710324467;1.14604882763038e-06;0.00631713513141714;6.02463043725883e-06;1.90280542965273e-06;1.60735842304763e-05;1.46595080632148e-05;0.00193216621571323
0.0334404972049976;4.96871930965123e-05;8.93723916698373e-06;0.000195204968208526;0.11199462482373;0.0503778626939078;1.47782255963186e-06;3.20467195461049e-06
0.00118434329493708;0.849397371585986;0.000744670893966531;1.36804482676616e-05;0.0190002196323226;0.00294927940084687;0.000233198252733252;4.31549689999639e-06
0.000236945120966896;0.0824921471801853;9.98576131841715e-05;0.0360252798533824;0.0657396656592017;0.00372830331459306;9.0702898058271e-05;0.00854818538787771
4.42686981526724e-05;0.0333197376584977;0.0170659515402445;6.28767598974889e-06;4.70367914170452e-05;0.00208938707400621;0.236803471531343;0.00926218829047341
0.370351356090542;0.000200471258698808;2.44104127069287e-05;0.208716956300094;9.19599927001808e-06;1.24994467358856e-06;0.473303596733777;1.48872262193121e-06
0.111682339302914;0.000175509088191879;6.16356260649136e-05;1.4380576171315e-06;3.74235619626722e-05;0.0378383667311967;5.14149707628233e-05;6.94701954557046e-06
0.000104846264781433;0.572089779033728;0.0189495601952551;0.000159129939082683;6.9376152033249e-05;0.00605340731193219;0.000118283792828482;0.000994865423093445
1.60581197565566e-06;0.120292326522359;1.59954656596972e-06;4.37247722347541e-05;4.77955896055734e-06;0.00252701122668678;1.43070535018434e-05;0.00015046561951118
0.00137185856257389;0.701253122325512;0.0144701698365054;7.51709131460956e-06;0.000174118212919525;0.000119202135843701;0.000501713202999552;0.0172482159010918
0.0832209930743883;1.89982060402322e-06;0.0388660287086385;0.0721872665734793;2.52106345733851e-05;2.30807831730666e-06;4.39331350547871e-06;2.75646457491989e-05
0.000206143340038223;0.00264294644175479;0.00023543940004239;0.0758046637751777;0.510406468364162;2.57872616013693e-05;0.0830696678922859;0.000252390087164963
0.00020783999396828;0.000171964494818136;0.0884245460612934;0.00371991156597615;5.49305791744242e-06;7.78791088733495e-06;8.53499006057901e-06;0.670370529225084
0.625420887378413;0.00012875128326259;4.28998438105966e-06;2.8019150714465e-05;4.97946335401293e-06;7.58717681208636e-05;0.238408767152466;1.04016458807323e-05
0.000185137807547308;0.107140568923084;0.368573902547812;0.000110636319378825;0.0173271117433674;9.45056055296005e-05;0.195625976399098;0.0209184447204506
1.22342663269651e-06;0.0011211617969763;0.184577232639312;0.000300064870158391;0.000272262860627911;0.00143848710429912;0.00336434768982468;5.63411286382401e-05
0.00155146641182084;1.02574162172509e-06;0.649595693450602;0.0386910348417452;0.00737067670831142;5.59686740072896e-05;0.000295624749341658;2.00461020034161e-06
7.97364570347868e-05;0.878723939893592;0.00014961315366112;0.000162936513540256;1.25265705628114e-06;0.0191145405381847;0.000279796086377771;0.000670415509239793
0.00192889910928872;4.39601733045638e-06;1.9914350327081e-06;0.0959998527646202;0.533596872586948;0.0212141690659185;7.57232716873768e-05;2.26627565101242e-06
0.00174446994501668;0.0141164765077408;5.62875398937712e-06;1.21242266362692e-05;3.68455156581126e-06;0.168532559081008;1.13714520724868e-06;0.00878106960050673
0.000127590949211431;0.000463225781641021;0.0953038107161689;1.72610899280412e-05;0.00083848164557804;0.249580212121855;0.110692287493732;1.080675518689e-06
1.78850807022244e-06;0.131686400447602;0.00349867872895976;0.194899492666096;0.000877701620657899;0.000797892821180227;1.1027929678561e-05;0.0226297800364438
7.24628715400471e-06;0.00393018508985287;0.00448063919512709;0.00017924903716771;0.000124474882726518;0.00485978006393724;0.000443241366875872;6.70639047040192e-05
0.00743958229512315;0.00143084023409526;8.72160578749022e-06;4.76718527698198e-06;2.59766933023069e-05;0.000503040083004159;0.00188303278566362;0.003709550743872
0.225658089450672;0.00369460073407886;0.000542106788384695;0.592045249267427;0.0262258994742883;0.0890413830360908;0.0606811074995771;0.0437465112416367
0.00385566133407824;1.24122172165261e-06;0.285938589143129;8.51846836991364e-06;0.142547489935168;0.100838225797788;0.769944692104628;0.00282874169697899
0.0954670658196154;0.00121363854770646;2.55326016174419e-06;1.01675595404073e-05;0.00342018678154096;8.44219263519355e-06;0.0398556786585052;5.70431899461653e-05
4.91594328337585e-05;3.12061702905708e-05;0.987256309100963;0.00287557369013839;9.81470828992007e-06;0.0771178617345794;0.000206470302395821;0.710942495338798
6.18355530685658e-05;1.31864005966898e-06;0.0270382938731056;1.52270630815956e-05;0.00119182995338608;2.20901706940889e-06;2.02682478119145e-06;0.000102466234808376
0.000920648833067823;1.5904146728046e-06;1.40622537560751e-06;0.000256695083674422;0.674719606329525;0.000940097394331003;2.1255380273279e-05;0.0830503009953245
0.0971952072260508;0.137927744556135;0.0788270472395012;3.62411572007186e-06;0.0243797087514686;3.14159093542982e-06;0.0217496293598101;0.0153119088831727
0.000284509883705435;0.00529311282267313;0.0720722670258424;0.14967184564225;0.0134002974577356;0.000356222294730508;0.0160252975940979;1.26230080633252e-06
9.44715751889269e-06;0.00460035173163986;8.18136954069257e-05;0.000138679080735381;0.00374427478658003;8.71725869671093e-05;0.317273364728803;0.000650221009777048
0.00487593064645931;1.93577385411444e-05;1.4919323598124e-06;0.143291189189529;0.00013644118619256;0.00184291557310271;2.23946043805366e-06;0.0169569324415554
0.000597772382639967;0.0421714463918346;2.36453828076164e-06;0.823476150100331;0.051981518807476;0.115923070535212;6.42416982458751e-06;4.01132184916308e-05
0.000915820913243409;0.0156747045576788;5.42227421012397e-05;0.0020240887056685;7.96461467865052e-05;0.558456840411581;0.0964508069134366;0.0030460928571226
0.00969459550651983;3.32567784232689e-06;0.590094544601308;0.0010227348937299;0.000377408639294582;0.0151533194982325;0.00297953854601477;0.00610916085366914
0.0172838833917841;1.04089896246314e-06;0.0159867447785663;3.25691006583506e-06;0.00616533592179;0.00323992710315467;0.113219136456611;4.31247150451282e-05
0.953683917646438;0.0254829842232377;0.00209603653089122;0.22160866040051;0.000111630382232496;0.00010385525482639;0.000110481816168382;1.23356777615368e-06
0.0464953525145516;0.00108987430625501;0.133475780947007;0.000121223595941731;1.5960951582923e-06;0.920082019238439;0.422188815747366;1.54130302929613e-05
5.65217576158096e-05;0.509266885713111;0.000277655922090124;2.71299464200073e-06;4.29992912568997e-06;0.121985712650529;1.73209329859397e-05;1.02783442257785e-06
0.00266654512990865;0.406428294816312;0.000947603971849444;0.034340542011867;9.86698895446626e-05;0.0437154429645036;0.00030949433840468;6.57325422459453e-06
4.91227329875636e-06;0.000298262372582737;0.790037452146126;0.00934151999943945;8.68224542527395e-06;0.000588397975969851;0.655668303556946;2.32394087883803e-06
0.000460144196672766;0.00420994132603417;0.0365837058137813;3.67650853719536e-05;0.0257199649126107;0.0471687398444044;0.000113650721063503;0.000225864449001591
0.551585872985989;0.0436269299600888;0.0400651049304914;2.8344662636238e-06;6.21601237826089e-05;0.465283901411376;0.955733175337065;8.05095238340797e-06
9.63440436911988e-05;0.000444955477020703;1.45265655589681e-06;0.0170853211715372;1.43563983223581e-05;0.000213648734809931;0.0164254318508682;0.00104782122482145
0.886675224480804;0.00191294850466613;0.0206957669033381;0.0584359604067124;0.255159097339629;9.90089309453933e-06;0.00866213945350322;4.25363332522601e-05
0.000539356565419725;4.19317164374454e-06;3.53165725709365e-06;5.54515282868325e-05;0.010295856219365;0.000516020777962707;0.37715599554554;3.49512543418281e-06
0.000109336051715726;7.62371644554024e-05;4.16429640312319e-06;1.33330442523242e-05;0.00177555753927572;0.369612386701428;0.696309227898996;6.5086203342482e-05
0.0024855194645308;0.000268237245590622;0.0432299020224165;0.000114574183505326;5.39635324785805e-05;0.0401950950390853;1.29554738618925e-06;0.493212408954495
7.62737010032399e-05;0.435541127331488;0.0515983079201637;0.0804499150318913;0.000109136734582574;5.66225059297505e-06;0.117874928636721;0.000479486233076932
0.00103905362774623;7.28810351839675e-06;0.0725892157394698;0.00134200883113538;2.49189395557057e-06;6.59471825304116e-06;0.00366213362930305;0.000552144389807944
0.407398066990203;6.39601651194195e-05;0.00187300890796732;0.122612393407193;1.48962092416179e-05;1.71325192575286e-06;0.000109423720558922;0.882451899110704
6.1495230609849e-06;5.50386904734247e-06;0.00950881128469419;0.000833182360952712;1.1304585885485e-05;0.00151965496025633;6.97637503969665e-05;0.108048011250956
0.000191945285663826;2.54856960420862e-05;0.320607082012363;0.00125302369465816;0.000178149126699795;0.0677585605995228;1.65133005600611e-05;5.36576512703643e-05
9.08119716991267e-05;7.84395838102092e-06;0.00146721691515112;5.79575798847842e-06;0.00331268202508801;0.514644674859741;1.26335550018439e-06;1.79581999642784e-05
7.83188199546462e-06;0.0232206303459064;0.45470248146306;1.13379355680357e-05;0.0643471529302934;3.05271154719709e-05;0.151983841024661;0.0347581122654274
0.0331475040288603;1.02973352119883e-05;1.24981992680337e-06;0.0330736017130176;0.401879527822923;0.00465771134532563;0.000104782942635294;0.00060107310251608
0.00161859032875518;2.94263982881877e-06;0.406713907953676;6.81918976307864e-05;0.000644142918269979;0.0135353914224369;0.000220283243028897;1.534825213768e-06
2.78236025317172e-06;0.104069283057453;0.33109308217603;0.486768906033291;0.000445135378638307;0.00198944820109091;0.858955251701472;0.00981065581077681
1.27160561191352e-05;3.87468718163492e-05;0.000158758803009985;0.00143743117105737;1.37255001025752e-05;0.00176388442241379;8.49926304409627e-05;1.87891614637903e-06
0.000839656055478884;0.00873515632153391;7.92590484842129e-06;2.6149747367724e-06;0.0316534305825743;0.000112662922907158;0.252128297949997;1.87751007230806e-05
0.00594166610992645;9.4842862730579e-05;0.032115309821448;4.52337936541524e-05;9.45293260300312e-06;0.000171143126656266;5.32861249046675e-05;5.18096900229957e-05
7.31554278834391e-06;0.00012942407727503;0.196726382764701;9.55985258683787e-06;6.53653524877372e-06;1.65853698556189e-05;0.00198502859804079;0.0138815143652729
1.67793267740117e-05;2.91708086813165e-05;5.61744403191247e-05;0.175357341834785;0.00101791578598401;0.0658836520173147;3.35042027970763e-05;0.0748846858470085
1.65838367995557e-05;0.00496366054292447;0.303227677511909;0.0010823638183654;0.00941712052385377;4.38506297949478e-06;0.188964510338525;4.75933181252639e-05
0.17591357149805;3.72163386991395e-06;9.73693323537771e-05;0.00115886530255967;0.000252321072209453;0.000549836622317273;0.00258370328087199;1.41011955216873e-06
0.0522137885820642;0.00820471265070451;6.50260971505956e-06;0.0015771396675994;0.000384867178882254;0.085485200467421;0.000102870628561052;0.000129612119485316
0.587189017405176;2.39183618804717e-06;0.011219622901122;3.82025817380123e-05;0.932317279353346;0.181295459772377;1.92249350534151e-06;2.90969579960773e-05
3.50480965514336e-05;1.39410149492601e-06;4.85198225049688e-05;0.000126422860235205;0.0251158225534817;1.67620845109747e-05;6.15829182505273e-06;0.122541804658671
1.09905788683288e-05;0.00917562976264186;0.00178179666909743;0.000201705573704488;9.29718717268823e-05;0.266637878471803;0.000936739892615898;0.00168991060025444
0.0892766631432379;0.668079710300598;0.000315253909533084;0.00139005248105756;0.00287547109190599;0.000305102468074303;0.000457508806649836;5.75724493918505e-06
6.79725598924407e-06;3.76103667565757e-05;0.395155425507173;0.461190653279982;1.34377930121883e-06;0.00698096439315847;1.02442997982796e-06;7.6673803804168e-06
0.00057513194660383;0.00706915435981236;0.000621372065105747;0.000482085665862779;4.65294897849111e-05;3.55947702563969e-05;2.20180550330481e-05;0.0023397675522444
0.710505673743205;0.184329296779289;0.495682245520941;0.925838026937054;1.07566995431358e-05;1.86661884718801e-06;0.019313748063438;0.252486998788
0.000317913010699887;4.02159725408981e-05;0.00252880478123899;0.130689739001884;0.166002907592464;6.6895129294594e-05;0.000134384779476424;0.0063203802983339
0.301735638223122;0.0772762006801356;0.0831817439570266;0.0116385884606091;0.0109577702675395;0.0930990567368662;0.052559550195205;0.065098458381038
1.45898977401872e-06;0.0010085137980089;0.00086529110524062;0.294552949773427;2.41586765292466e-06;0.000138505572579826;1.51548442982989e-06;9.72585880501475e-05
0.0995863266188854;9.17342388443122e-06;1.35257271411033e-05;1.60090839253616e-06;0.0010718748293983;0.210694749767141;0.308591148133185;0.22113194641683
0.000157557039086068;6.54075576897075e-06;0.0123715678892895;0.000154491421191442;0.10660955300235;3.4525942539039e-06;5.56047906669908e-06;0.167163492284688
0.000327567044374855;1.29666129934461e-06;1.6054801311271e-06;0.0101614526408469;0.000165657183909713;0.00280044663687077;0.000896319963051021;0.585122486573614
4.99166387449437e-06;0.00117173773085092;0.171134254828937;5.7715383935117e-05;0.728183126192832;0.10691050295015;2.04994095687728e-05;3.76064767329945e-05
0.0786860133148236;0.010872063229379;0.042264816982565;0.0533684812595097;0.078505887615047;0.17892942448125;0.00037803278735451;2.41658791392653e-05
0.00107905232994792;3.29991835689813e-05;0.00316493193597044;0.00098894356437557;2.08590525666119e-06;0.01833122560981;0.979160369448062;1.67268031338787e-06
6.25733478401153e-06;1.63818627847026e-06;0.0056515229346246;7.49837946110079e-06;0.0110682702742553;4.62197363219616e-05;0.0316505454958297;0.000137881273345172
0.0222866445542532;2.27216756677521e-06;4.45012506666835e-06;0.0875396608295695;0.689512616814119;0.00856932207448068;2.20886894796148e-06;1.25076838941701e-05
0.00768673212464122;0.735853530733263;0.00708610071715732;0.632347178274058;0.000286137715263446;0.0019280621568654;0.00535167459512791;0.0124676434201305
0.0400993457045886;0.000134499908363142;0.0250128618618521;0.000810647982334709;1.83026606864419e-05;0.218684395903032;0.000201300368388462;0.000244122975271973
1.06308583321325e-06;0.00350553557230836;0.0298856109252293;0.668497288124107;0.000916037776451164;0.000400537566099718;5.39198993457188e-06;7.42622610585895e-06
0.000189327465128624;0.0142513971834109;0.00244369827251617;0.400765093524235;6.61516279033039e-06;0.00827783544324663;0.0687134407183004;0.000181956260551545
0.0274285962378177;4.88204225064854e-06;4.34731570549409e-05;0.886658311448815;0.221678500435189;0.172537068784869;0.0100546512910043;0.000756452242450924
0.0117803417655062;0.0489003070568603;5.15266563981258e-06;0.0129755296186437;5.31344211253868e-05;1.88859454515353e-06;3.09642571364678e-06;0.776156441307616
6.05729811346033e-05;0.00499695165866417;0.0175050401825783;0.000687645623839967;3.39705270620706e-05;5.43230249131321e-06;0.269710832326503;0.0512262373525645
0.00626402578880045;1.6297061312053e-05;0.0921714929913198;0.0247376128749619;0.556055440424795;0.140281862787596;0.0339605016368418;1.82873659557484e-05
0.217027483595761;5.87612322312865e-06;0.13044176328097;0.621999498047242;0.108371957963304;0.000650631753356376;0.00102045480007516;0.127579994921989
0.00061586809720265;0.000107582397751709;0.811722400518353;0.000246001701392543;0.0293664530666668;0.00909575920867154;0.000712199703019189;0.00161091422926719
0.935852414663953;0.0167983328839799;1.73761988945915e-06;0.0443193855609381;3.813801338672e-06;0.00309238947780189;4.23187696895102e-05;2.70577885300108e-06
1.17455934357513e-05;0.00274298537859155;0.00124094452563514;7.0005422004752e-06;0.00322516595492505;7.11870776374651e-06;0.000163921387933108;0.00203429347469159
0.295075428433006;0.521547003300948;0.000401085971830609;3.31208086662009e-06;0.0105883272925624;0.000304332011207922;0.00244527850965187;3.00579685864569e-05
0.00518786275433899;0.000308135099055157;0.0490501801485302;1.24015190557432e-06;0.000277049099112456;0.000231610390681604;0.00123286027176332;0.00321031574746276
0.000526515256867779;0.000407594743765858;0.433754126988787;0.000408652929802771;0.640231388518641;0.00103024973993558;0.000122547668912817;1.34048718043198e-05
0.0013977265615061;0.0223593208455259;1.89420240160929e-06;0.341149009150771;2.88245724477203e-05;0.00388290073935481;0.00160342660606024;0.16063419624618
0.000493077335339514;0.000140425150960844;0.000483022489049282;0.0318026941616908;0.00168922065674075;1.95214041068854e-05;0.000833407185814265;4.55525886810699e-06
0.00323518868343392;1.73947416258077e-05;0.146932463681407;2.01779628658954e-06;3.27574191705371e-05;0.0521893428902761;0.0549551323658607;0.000858731889242611
0.0113557466529069;1.47056996305649e-06;0.0147362486644675;6.30389359747826e-05;0.000324220526786123;0.000116392193774046;0.000178385480406265;0.000211248758277267
0.000153893946735804;0.272408857832782;0.0281744267379534;3.40855561863682e-05;0.0310383437219471;0.371565320118977;0.890527265941534;0.0196519115016425
0.000102068572176452;8.11274103730684e-05;0.9505333168018;0.000420310284715577;0.00384799105473253;2.10020806109468e-06;1.30590705122996e-05;0.00106732154707558
0.00206027761345364;4.82234055537393e-05;0.187049445114735;2.43010477426979e-06;0.207708124929494;0.00126807589305104;0.00482316007092663;0.000918000799993876
0.00504205596895305;0.000492767069022207;0.0685677281242757;0.00124518329558991;1.30667691709204e-05;0.000240078130345996;0.16516351791216;1.7015987110151e-05
0.397567708015219;1.21503704740597e-05;0.00216910009841294;0.00253864125110147;0.000116244181761839;0.0035392143698545;0.000387130820397456;0.0542389172401931
0.028721967872189;0.0234693517693666;0.00570653011036745;3.62066692854678e-05;0.0101225418229654;1.18575460770685e-06;1.88808710889542e-05;9.79138895146748e-06
6.64843425932972e-05;3.87683221556957e-06;5.91677764039276e-05;2.2571705099354e-05;0.000348801775803399;0.126788343053376;0.000738409364463282;0.0243594935528421
0.0044184324144038;2.74483792945231e-05;0.542302167688841;1.0755426222497e-05;0.000235721416791563;2.16977675749055e-05;0.438114473513045;3.08326473396611e-06
0.00259281431204992;0.000321048737190075;0.00603019568515808;0.0551049870371427;1.29242404249937e-06;1.41128121975229e-05;0.0617626681659518;0.0268229520116761
0.00343257662689035;0.0867110212162569;9.03269178449801e-05;0.00473457229453965;2.80273281853021e-05;3.70100260375552e-05;5.75514512433328e-06;7.75052787609768e-06
1.45166403306095e-05;0.000165287338885952;0.000205750395229708;0.972675280388704;0.0330505481205598;0.022299085818241;0.0988703893310507;0.43531178472976
4.06107623079042e-06;0.175401623888549;0.00107909929996356;2.33851601696898e-06;3.69298598467144e-05;0.000252964478759481;4.91669394966896e-05;0.0681384048754144
0.00102771661949985;1.5519233896929e-06;1.84474102349805e-06;0.0075346415405025;1.76958475078195e-06;1.52915740518126e-06;4.45971211323377e-06;0.0314865284740142
0.000352789623725472;8.99085634191642e-05;3.13316602699539e-06;0.427094747555049;0.0143657383932389;0.00476761039022523;6.13094837508162e-05;0.625370511420931
0.00200649810094166;0.0270835007475046;3.05041046559692e-05;0.00297926163819787;0.00931993254659403;2.90791606756989e-05;0.553537937358433;0.000939229315358374
0.00291438406006632;3.67753350763001e-05;0.0861177216503093;0.000103315913540961;8.86910961274442e-05;1.07497075676574e-06;0.00412075865494171;0.0392200411741174
0.133097558092252;0.000684934188671635;0.0017250911989572;0.357836415637322;1.85381684348908e-06;3.22832204055537e-05;0.746724380944611;0.000223819389519588
4.17796398123092e-06;1.47713213717801e-05;0.0022606780038955;0.657975547761419;0.467162050231494;0.000191192042735216;0.00140468906857536;0.720703872624355
0.448087940152065;0.0751491167395381;0.163932748333668;0.00419461639810001;0.0236903306555021;0.00124139374384208;0.000128835956355679;0.00228061257382782
0.000585832667219202;0.208809962665131;0.415214455425989;0.00163882203528566;0.214835703744585;0.000276681323375214;0.130203455323322;0.000415549217786781
0.000402303367328093;3.78857265401393e-06;2.17372351059765e-05;0.00012431129233344;0.00182257210739241;0.0172058202548666;0.808399587827899;0.00291642790641898
2.58253123946534e-05;0.254103646024498;0.00374369680467147;0.19777024560856;0.906693222784307;0.000123070229606488;0.00019222520115503;0.380398563527744
2.77265362625219e-05;6.12804372840709e-06;0.0328609232166261;0.000170825943068581;0.000144308990967401;0.304245371816338;0.000883965856850725;0.0076102605923157
0.00823879466619441;1.66890785578349e-06;2.58175106376798e-06;0.00546623826757478;0.000537464302711547;2.76789694717547e-06;0.0062896578887412;8.48152558719597e-05
9.88392590676177e-06;2.29760510559382e-05;0.0346762551025438;0.0612413833645584;0.000968341207622147;0.206126446400624;0.013525966891973;0.327134262722167
0.013275277568809;0.0146465482933974;0.214969839953351;1.1448473927232e-06;1.30050861197613e-05;6.09857957492019e-05;0.00318438880355911;0.982355540434341
0.206657812988525;5.90341347772851e-05;0.000103047663739225;0.000196318413009544;0.145773931678193;5.03080651872256e-05;0.0014907567495225;0.00555125776812726
0.0390320215148789;0.0101221528299562;5.86436684512805e-06;0.000335309643519864;0.00653231392038775;1.45757131041084e-06;3.99678212009532e-06;0.133802920763627
0.00224841197091461;0.13549905890257;9.88330459934137e-06;0.0924316087834137;0.387175777887402;0.14595166352269;0.00134332123573734;0.00115825438560691
0.0146798161806797;0.000522535110294573;0.00235860569613255;8.2240755297253e-06;0.0284821059766473;0.000107605083449881;0.0288606454328831;3.87010295350107e-06
8.5735459211524e-06;0.0525366051882308;0.00392832571295833;5.9879059932922e-05;0.233432245022743;9.55306589040771e-05;0.00373057992662293;0.00021429330630478
3.04229947871611e-06;0.000477505486479856;3.25346036498121e-06;4.01963101281851e-06;0.00399599012210828;0.0747268400438453;6.84894828489846e-05;0.210939539180317
0.0809172256575684;0.000140638011864096;0.0763946149802051;2.13616591777203e-05;2.87788616267239e-06;6.83309335872683e-06;0.0153722415308285;0.000641031806130871
0.00328749625309219;0.0848881928994423;2.01578898843743e-06;2.20484854988814e-05;2.14289959735678e-06;0.0200725335624493;1.69776044680322e-06;5.00956904643768e-05
2.44093843549061e-06;0.53081125379744;4.61611527973287e-05;7.74530194881954e-05;0.0449262204437375;0.225306093222142;0.0114108306926617;0.028992743445998
1.72935727695515e-05;0.000986273239154912;0.000365581932572657;0.119167629364037;0.0119967002032433;0.00878998700725411;0.0231883550981515;0.00548751392210626
0.0261078988303445;0.00746412564602012;0.00589968587640842;0.00270313567660278;0.00124852196433835;0.00596204878904506;0.000367623404580469;5.09019865090284e-06
2.06206501511737e-06;0.00185859691939638;0.0572727426165144;5.39688002774287e-05;0.278448842141349;0.164735960258739;0.000300168361894833;0.00247656936948836
0.00472469213911701;0.0024353713305627;0.860102062190186;0.000287570714408921;0.0299984260324752;1.56433611831899e-06;0.00496471761660262;0.465569473631442
0.331188612960258;0.0543208313534412;1.97621739277795e-05;0.00427502724250948;0.000199799140813632;0.709799005897769;0.000171931855578269;0.0111696490455973
0.00723268346623798;0.220227373937688;0.276546976425157;0.0179144138958589;1.67438083339447e-05;0.0100085148809746;0.00456916169109382;0.00181682002439022
0.422027700880454;0.00315000694038454;6.61694584984339e-06;0.0546109740153253;6.77209746241512e-05;0.00100794376711588;0.664673617074702;6.38034611438579e-05
6.88700181308704e-05;0.000400983114205075;0.104849220989714;1.81789394304876e-06;1.05498237378521e-06;0.000740379227283103;1.21281509827408e-05;0.000965406875220216
3.21591489409743e-05;0.000355074432735838;0.00127886139277246;4.84853227337645e-06;3.94430647056011e-06;4.80879216306612e-05;0.199716536690342;0.00464572701826937
0.260063455091279;0.285479424936391;0.111322016383925;5.12434150604162e-05;0.00132416546983846;8.7441107325742e-06;8.68359088847957e-06;0.104770715481205
4.22156884282423e-06;0.00292714861106451;0.000181948071060894;6.88354140190594e-06;0.00315917739481924;1.82160205690325e-05;0.00119541562768278;0.0187525121777757
0.00995349870220854;0.0575022361219563;0.000252338010067977;5.27011305013654e-06;0.000225465417805576;2.34168503810294e-05;1.07628479605236e-06;0.00393663246557835
0.00214435280969327;0.00107067025759566;0.000402665328840121;0.00259836152885213;6.92716438584387e-06;1.09259283049438e-06;0.105115013584279;0.0248032331256015
0.283055609839942;0.000120921626890124;0.000782283655077859;0.000168301582677185;0.00442803648141486;2.45398635634048e-06;2.94905782107409e-05;0.090862387630124
0.012187228137198;0.00362547894237348;0.0825602264129508;1.89815944237714e-05;0.270367674588189;0.000435346989271648;0.000809949002180163;0.831205576082213
2.84144738811838e-05;0.0682172933858708;0.00150861146688701;1.28848369244437e-06;0.413544952052176;0.000114629796642779;0.0126763278214922;0.00294955603101752
0.000113639947238505;0.0314725914995289;9.37070660167783e-06;0.000376798594800078;0.363937288826693;0.0302404106642739;2.8542242201837e-05;0.000123974804573845
0.000117543107022486;0.00954137036731931;6.12171439574126e-05;0.169213343934967;0.000296771437474969;0.00960968135327223;0.00391334867870225;2.0516339728147e-05
0.173536176848691;0.439765521072206;0.0195301175860274;0.00235491828045044;0.000355266170242065;0.00968679012669487;0.0169230510154178;0.00113627373084922
0.827036736828029;0.000589217763665993;1.3551104273098e-06;3.37329352813759e-06;0.0215218714412791;1.30241835351937e-05;0.358136472467421;0.00215573542906783
0.0688030327992465;0.00161370561385937;0.00887715330132993;0.00340323299049312;0.00393295368633242;0.000345646976642734;0.00285621118751656;2.14710170305887e-05
0.000753051459555109;0.000891125078225181;0.000129601185431703;0.000901184808667056;0.00140301203032991;0.000208663972072056;3.30155407206644e-06;0.000162748293677015
0.104114909783523;0.33769325376518;0.0306319898405926;0.0099045427627669;0.0928796855271955;0.0571963345425613;1.77368631665567e-05;0.346495666565269
0.0001251798542473;0.262574019380804;0.000107082210310693;0.00228975255689653;2.98096637460401e-05;0.000266054342901174;0.0175003832142628;0.138120430219093
0.00699297473379302;0.00177408109663289;0.0137130469847777;0.000274324629796044;0.140552174022263;5.7295275982877e-06;0.0274822583427857;0.625165165698336
0.254135217278609;0.00167097921024867;0.000263815246249349;4.99360779460746e-06;9.58613331460357e-05;0.0024652440601733;3.63076058216764e-06;0.744433620160848
3.45127311462222e-06;0.000101211758679174;8.71209999439976e-05;0.000586679013265085;2.69963609542421e-05;0.00336952423712798;0.0675747163680094;1.37965502695079e-05
3.12871025703473e-06;2.56873961962979e-06;0.0244372770270425;1.94166660364785e-06;0.492649802664789;0.607165699795962;4.33452994820027e-05;0.000294163213872459
0.0159647462870712;3.35603743258743e-05;5.17946239571003e-05;0.0163685431717479;3.59405806517184e-05;0.000610151547741709;0.0418833661239226;0.0412433285936326
0.000293217522906434;0.585738994461007;1.78443831111826e-05;4.39594246330011e-06;3.23961458944408e-06;1.9992754980746e-05;0.0491617988717068;0.0235979392854832
0.000274023160175144;1.29168349126485e-05;0.00191886621903102;3.90466677234277e-05;0.00056095372352658;0.00147701442488366;1.16084090147976e-05;1.83349975605934e-06
0.00410106406684963;0.0198127611460413;0.00712086572968287;1.07950275334845e-05;0.0340828347107096;0.0049767939999951;0.0183112369111322;0.000170494086934508
2.16916400531524e-06;0.0175555872816068;0.000244969544740038;0.000508070716520524;7.91238084263317e-06;0.427153158594396;0.00382681492407207;0.00274092282574825
0.155234509562534;0.000549447418273741;0.842887296416837;0.250838110869366;1.56655119654729e-05;0.0180325011734226;4.92049503080818e-05;0.00337889366034099
0.670029961653964;0.000531123305109262;0.0615147969910608;1.87641872210364e-06;7.98186152657415e-06;0.000403629835488177;3.84255264387593e-05;0.131482016612673
0.000376467656306792;1.99299263375867e-05;9.28680558258878e-05;0.299935040843949;0.654998815515996;6.40790308522117e-05;0.00204965117411116;0.00599986678749911
9.92884262030221e-05;0.455294080408266;0.000172006857440033;9.42806614383257e-05;0.000249694601755257;0.200224831020279;0.00656542136483168;0.000522928407680937
2.27568784392033e-05;0.142679525983188;0.112724410040265;8.42678472107797e-05;1.77074571038466e-05;0.832854762144638;0.0293732794313832;4.69273938252383e-06
0.00186464073782824;0.0494969960442178;3.56745123018246e-05;0.000548301210828694;0.35022073297913;1.13831209008931e-05;0.826972165044545;0.000381043799915025
1.32611146152308e-06;1.14550252455056e-05;0.0976763380833516;1.19453028081404e-05;2.06770304393742e-05;2.11186205473185e-05;0.00542562115270698;1.43706260735073e-05
1.47447842550727e-06;0.614207886801911;0.466881753557733;0.0228259489720548;0.0127190305372775;2.25620288232416e-06;7.29506351325613e-05;1.13100054795129e-06
0.506464084863066;0.000250227321534331;0.513654321169482;0.00215119353660084;0.0153383287559373;3.24466023290652e-06;0.000584748927488702;0.000113597076449626
5.11651125637836e-05;1.5445166076471e-05;2.06896561081847e-06;8.0243904569858e-05;0.965421939729628;0.414122729801505;1.30912080266042e-05;0.00128980418158906
0.220973043502846;0.000111053484129065;7.63291056900734e-05;0.0439725861012123;0.0670649974641922;8.14544188505492e-06;3.08149207610587e-05;7.51190215806507e-05
0.00232276017653757;0.6596108581538;0.000178399141626306;0.515119732475015;3.93978526659178e-05;0.221303688588145;0.00714800532313108;0.00220285540019657
0.130494068253857;2.79417368192566e-05;0.0232653808688266;0.00131364126135909;0.00781146784565287;0.025382883810183;2.82770638862936e-06;0.0937102400193949
0.0380339271822328;7.95401951304573e-05;4.15728447954723e-05;1.16604918719509e-05;1.8274481879277e-06;1.03919796961792e-05;0.00577835082833728;1.20793270533462e-05
0.0203790553534853;3.56832655492641e-05;0.0471651018437296;0.000185094691375112;6.32766993035012e-06;0.000372966911112586;0.00345772045016149;3.93544589560302e-06
1.67866566152639e-06;0.034323010698575;7.32431505394203e-06;0.0020877024229609;0.000155096739535001;0.0144109269127057;0.00115225172195043;0.00139872151502728
0.0183568583224228;0.000673321952165457;0.122922670989799;0.109329821956662;0.00117889075198681;0.142838618991147;5.93094089610397e-06;6.26419585637272e-06
0.0022265061341937;2.10419289819822e-05;0.00511080135448788;0.00561290660414719;3.09456886156204e-05;0.0045523345291816;0.541304033323569;0.0330092354792583
7.57822043679406e-06;1.86571212440849e-05;0.00432232749664823;1.41209849478782e-05;8.93484822475744e-06;0.00737970163104827;0.0063706838257523;0.43974266952842
0.000120659093214772;2.20402445365935e-06;2.88500409923839e-06;7.58597205532723e-05;2.73741025891735e-06;0.00236343946631521;2.34667866244706e-05;2.43384467644633e-06
0.0105428386223191;1.06258495443021e-05;0.0309433739098809;0.00444948952277369;0.158527287860122;0.00140841169704181;0.0300264611947494;1.93149234563649e-06
0.000892098587873816;7.28127902399449e-05;0.000701899482063525;0.000953906640712726;5.68584871106547e-06;0.0451665905521604;6.15000142947501e-05;0.000325138522791268
0.115239679172403;0.0262294073770929;0.000145639169590737;0.00587907962289072;0.188203624249385;0.0825908770047487;0.000256644750680294;0.0711788107851099
0.186274939451875;0.147025363190363;0.355734425749955;7.80677076833898e-06;0.326427043013411;7.01711989948414e-06;0.0247502729157665;0.00705583256761767
0.0040608333544993;1.38428352791309e-05;1.11719272337723e-06;1.42190167556248e-05;0.0877535079815112;2.58240961136638e-06;1.83067214178951e-06;0.00400850198449979
0.788934623299169;2.6693338855724e-05;0.000138036285541603;2.07928467420575e-06;0.000554151126711102;3.4407100243106e-05;1.68952432797435e-05;0.000196305795419339
0.000308369147431105;0.000146062129164434;7.16292666509659e-05;2.08833823916447e-05;0.000105086647942885;0.0010689943367165;2.60301473260004e-05;0.000342293508706974
0.00273163306443764;0.957887542493542;0.0210033409878484;0.0060585858310045;0.00128689883682391;0.294749653849161;0.00823053902589435;0.00109386253949128
0.851097263817467;0.191166669350113;0.000311840342649746;0.000929275056569553;0.523810249020149;0.00272558432860517;0.00976112341934232;0.0776866145218989
0.0004427238175111;1.61762475708883e-05;1.38734848318878e-05;0.00579139941753175;0.288328545903086;0.00117202520349694;1.85989366143032e-05;9.09142783189623e-05
0.0561567872513678;0.00557418585233364;0.553109420123193;0.077401597552812;1.41500808421132e-06;0.0513442974963377;0.00406455906271847;0.000723909641070737
0.496610491175412;5.70741911818841e-05;0.0116249103499326;1.57430958241953e-05;0.00529590020714873;5.31188149841021e-05;0.00108337480153165;0.103104395881184
0.00555704446518204;0.00519564994927477;7.86308386788617e-05;0.000777109156603094;5.72278083718319e-05;0.0219158385909487;0.0106410442913344;0.150190516812191
0.0200318810131928;0.000264740909723061;0.0117596716625181;5.15480481384399e-06;5.75234864575768e-06;0.000815350934097475;0.0807650683473824;0.000507336998779185
0.000972235562352244;7.06378550795285e-05;0.00675684199102592;9.80539149912368e-06;0.0136667604057742;0.281003551357535;0.000764794945094763;0.0110310653316762
0.00149427931663391;0.199648500644519;0.636261117933831;0.117863927880594;0.00148466600178616;4.25674175562828e-06;0.00764463422271872;0.000191827225336182
0.0665929409194495;1.81446631626971e-05;0.0522009433641949;1.57795970521014e-06;0.00042869107267879;0.125755952985747;7.85963100985923e-06;0.000397688333375443
0.143135389842528;6.7260460640959e-06;0.00784013067836823;0.00086078352963624;0.346439020777664;5.27298320226349e-06;4.14205334840793e-06;0.287692069625784
2.02723485387255e-06;3.27266319279276e-06;8.42696862610938e-05;0.00304304466911027;7.68853180275556e-06;1.33757468507926e-06;1.1095217490649e-06;0.000361448037063543
8.7479968368634e-06;1.48951768870798e-06;0.000677431143958748;1.1818162201838e-06;0.000455839296062435;0.00138708853750023;0.183917782665995;6.10795200920207e-05
5.18897620198327e-06;4.41366612937252e-05;1.31595609912506e-05;4.25737222594923e-06;0.00300069889099658;0.0128984932195666;8.55825943524518e-05;3.56111646473211e-05
0.145210036302568;1.07043244468342e-06;0.0560813562702083;0.0303061706759657;0.00204508217598814;0.000962125658941953;0.000592640071550876;0.0882885541824907
1.49478312495844e-05;0.00474490342069344;0.00294505122022595;0.0262567744148762;5.14405694564848e-06;0.00759069192050967;0.000488767267759053;0.00821938563571609
0.000261296120821685;5.43404788266783e-05;4.90044079587381e-06;0.462827081972686;0.0461230798635327;2.51026208359631e-05;4.44668742108866e-05;0.0739195128471461
1.16387386997544e-06;0.0158700616684158;4.73618584922251e-05;0.0018329553864808;0.000361397415860254;1.17480677861969e-06;0.282422463859821;1.3154461690712e-06
0.0504651513528692;0.00451822753281669;3.25101425418424e-05;0.00199462785364379;0.000714438863703111;4.93821490632167e-06;0.734962576463898;1.04509135253643e-06
0.00111413996149065;2.06025403441425e-05;1.43261028950005e-05;0.00734041392032888;1.62029654455428e-05;0.000147415444330794;0.0257646027585222;0.959856953644777
0.000226537931690105;2.93297511433348e-06;1.12854217777306e-05;0.0103964420414159;0.00214651176608251;0.0584286434056232;0.000353332471661531;8.8350186958017e-05
0.0108610721179131;2.20071813627362e-05;2.94267270618946e-05;0.188801401902053;0.0020907573719836;0.0159891279752458;0.000958847378771879;0.000116710443835793
9.31232068285981e-05;2.78251338393514e-06;1.10523377240937e-06;0.000524872843029159;0.113836551291609;0.000135436754560362;6.6270370012303e-05;0.0123381665637147
1.98317248429941e-05;0.0044418450287023;2.63231534714856e-06;1.64957643264382e-06;0.00591169424567838;0.00545534664661402;0.0117799805979601;0.532490649150319
2.38235589126545e-05;0.000228373306602885;0.0154301232083178;0.00635215147481534;5.99392946774657e-05;0.0118379138531419;0.00305772458972044;0.0340334997020742
2.41417832133344e-05;0.000824091769786281;0.000384671505299677;0.00696697911763955;0.000180877605838785;0.029497479379;1.7476673362894e-06;0.450167885835084
0.00121940199779426;0.00169349736314013;1.18164519239972e-06;1.77678979440126e-05;5.96746455199679e-06;0.000697197587089477;0.001903403039141;1.17504495311854e-05
0.000333787067987612;1.45462374722532e-05;0.33915272552395;0.00110836908016149;5.16385711003287e-05;7.78804981824976e-05;9.97533067413647e-06;0.00438539520311993
0.12523531739847;0.0136281250383438;0.013189497378571;0.000445664755137439;0.0159954965158869;2.53452790363243e-06;0.00239217616015598;0.0687541658535262
0.000468457830987924;0.00682909226904113;0.000154698511052689;3.32433798676194e-05;0.000983572332816725;0.054253681171516;8.01429179952475e-05;2.308248117117e-05
0.152082470926837;0.0795073397505965;0.66705561800724;0.00188465234517508;5.3841926864591e-06;0.063153012274412;2.36822148046505e-06;0.00659090439021105
0.000424353649088853;0.918670392204014;0.000194772529982856;0.00279345405020981;1.24826341028689e-05;2.15623674943192e-06;0.0260736116993493;1.3540984922926e-06
0.000855349414568613;0.000186396853067157;1.55728769842075e-05;0.000601510464917878;0.000122210683279431;0.264977852407791;0.000210746102486409;6.83481759463363e-06
8.5587735478752e-05;0.00120624715802028;7.03541043045405e-06;0.0138094333574567;0.701575921649446;0.000779551563074317;6.55441262509162e-06;0.0130750392135079
0.0610733217818776;0.240122346160707;1.38266121222441e-06;9.14938288498231e-06;1.73834046053594e-05;0.000841228523376224;2.35015494367242e-06;0.15653276179739
0.000725319421757097;0.0192111099230939;0.0597793910372993;0.0108087098071412;0.056211616708323;0.390544995992515;0.246035656512822;0.0206781896091396
0.0212155987422738;9.88430635206059e-05;0.259498760165476;0.000498627133752053;0.070656555403664;1.45372674648122e-05;0.0474292875583404;0.000106921899280149
1.69907643422375e-06;3.38093294316828e-06;0.00152590915914867;1.33895896857974e-06;0.000217363144018073;0.863274854930877;0.224937764520163;0.000268167538815998
0.000783595403155901;4.0846891724284e-05;0.75725691334513;0.00029550801535604;0.124157859026127;0.312889208584223;7.95342220058666e-06;0.811454875845733
1.06111758876987e-05;0.0133723889279904;0.00056782919023392;0.0690984920659853;0.00144087714765254;4.61412339448922e-06;0.0386330310879419;0.367388066606578
0.00783092786543869;0.0715946635409557;0.00651019031403925;0.177935822838261;0.0568068511191428;0.0105036720286138;0.000993474896171589;2.64594315770905e-05
5.70651574127096e-06;8.93041669558218e-06;0.000737430371221976;0.000107267336646039;0.00881771516612007;3.1001034730397e-06;0.0142955639265367;0.0857752598496848
0.00126329549299023;0.000324745130528859;0.0441882180484549;2.85923519837611e-06;4.94430445327619e-05;0.00776555381548902;1.34092218476051e-06;1.64075503672474e-05
2.91228455661334e-05;0.000797920494847259;0.01039945339486;0.0205104994386145;0.0207769772064188;4.07915566485266e-06;0.000168493737820649;0.00159787122505536
0.000393172654081327;0.0356828030248381;3.63782743240377e-06;0.00463388174530217;0.00019276733079712;0.613378443485907;0.0246345923446148;0.165279569524031
0.0166077847785566;5.11828818639218e-05;0.212629070542862;0.020978119883884;1.18919530540677e-06;0.0914552350113199;4.76987144030997e-05;1.12719093730792e-05
0.605348922873561;1.18213571499694e-06;0.001632512200455;4.53412976772901e-06;0.0764789293710535;0.0252452475607977;9.87570169359742e-06;0.00237760002475058
4.2694687918143e-05;0.479661203361285;4.27551889638013e-05;0.000116215918695042;0.00195361626425854;0.000126826655294129;0.0739695914960272;1.63781624774e-06
0.037219576705835;1.7133970840167e-06;0.0197864173783798;0.536248399267372;0.184811076148856;0.0102004405777308;2.49855018189285e-06;4.41967836834196e-06
0.0856727318757113;0.102365138598979;0.00046720654143044;0.000467036131283888;3.98582492473246e-06;0.00200541345682846;0.50423403897223;0.896986950738875
9.32437822623654e-06;0.0101923101578566;0.00361741231765659;0.363487832550475;0.174907094094432;2.64006357826682e-06;0.155347732520423;0.000187872466501962
0.024017197454421;2.86124686279216e-05;0.225684626137697;0.160522442420796;1.52321673895135e-05;2.02222362193383e-06;0.0510523039880022;0.000285910275768559
3.06064927756034e-05;0.00337443106053288;0.00926231757560892;0.0144264826050681;6.51033320429897e-05;1.62998829865809e-06;0.00607433612897784;0.0231338339064279
0.000136191555298315;0.000568048639401015;0.000517686322965374;0.136914644099964;0.297030602130641;0.00090578628195975;0.0413588283276662;0.237745029601158
0.523443705962944;0.0105453486893297;0.220066356839827;1.65443354397328e-05;4.63211112490381e-06;5.9902851783039e-06;0.00113431212836842;0.00208785243683984
0.0407999686275181;0.464525694048701;0.911398326249312;0.000456637284406915;9.97534451035653e-06;4.81541366472775e-06;0.904459002796045;0.267302321348452
8.97954978489937e-05;8.73110626297984e-06;0.0637751359868806;0.000318444901334054;0.000331565743689437;0.808695557728917;3.47335262443782e-05;0.192474210312153
0.00366889123318638;0.000195016494344633;2.10663773002885e-05;1.42692602508406e-06;1.68711500227899e-05;0.00212780667790252;0.00255853283531607;0.00173254496600465
3.80417348062021e-05;0.00571219441833028;6.85565785240866e-06;3.67783027967316e-06;0.000635260784330346;0.00315094887508489;7.17100491656996e-06;2.13341074799218e-06
2.0895104542718e-05;0.00612049205798743;3.36961856658435e-06;2.55976828510791e-05;8.38752982081002e-05;0.00229492428002821;0.0309265864506257;0.0642434630716051
2.9591861751351e-06;0.123807255908549;0.389319046193344;0.00523148384314731;1.63404823132182e-06;1.10426981346174e-05;0.00127903421801008;0.187323678701804
2.65045656240366e-05;0.295718051303182;1.69609682438348e-05;1.93725538474235e-06;1.9990075558481e-05;0.00711713854395811;0.000609139236525011;2.19553840039529e-05
0.025074307352579;0.296985039047616;0.192493029760528;0.0112608474199496;4.87764819914004e-06;0.0022475662418128;0.000147994340472672;0.0200028850604681
3.96867118908171e-06;0.000458929838935516;0.244295328241154;8.04137510856922e-06;0.19415478532357;9.92476649570427e-06;5.02975237848321e-06;1.73292487809043e-06
0.00128879018135107;0.00229767122097307;0.00281734762669361;3.97315174106028e-06;0.0613038932554757;3.34979879136237e-06;0.005608922309708;0.11791395289048
1.58297829239757e-05;0.0505883800294518;2.81152758454441e-06;0.0283533308419091;0.0368977207926765;1.21458000698009e-06;0.125869751222375;0.180422458032689
4.72204401027048e-05;0.0384232151396842;0.000680577886429577;0.0106535094662806;0.260017890484513;6.27768062878771e-06;0.000663350863244671;0.000463718827380134
1.60853123557632e-05;0.00284632646142055;1.8340144589354e-05;9.09082424606497e-05;0.00123528620714074;1.05690185477997e-05;0.00509769111413165;0.000154001878169932
0.0669843757058798;7.95846102712157e-06;0.371432283444994;0.575080109125616;1.44805765616693e-06;0.0012117010879756;0.00105132257050872;0.0253813538069561
3.906237272241e-05;6.98986216069968e-06;0.00119811672530803;2.60795070725303e-05;0.0171911111349308;0.00071110926900812;0.0587123191883234;3.89568892591458e-05
3.76368127800768e-06;0.000723810166536795;4.70744601026491e-06;0.0291367374495541;0.0140387363944314;0.0690019243489529;1.17437003438488e-06;0.0149489666103163
0.389467231707268;0.00711809439961412;0.000449653983955882;0.00271509934675964;0.000491118732303587;0.0109251467689415;2.20963276450785e-05;5.22900301950546e-06
1.12944827643801e-06;9.97992347626212e-06;0.0672513959581616;1.14817256228175e-06;0.00261854192296291;3.43515358845406e-05;3.43504949070829e-06;0.0031169843928613
0.0235832061564985;2.55351915655406e-06;0.000918250624748039;2.49950559164082e-06;0.0993828846353437;0.00110386467531319;0.000122143513261859;0.000176550698912043
1.01150928866713e-05;1.96647897433029e-06;0.002685033605796;0.0125068181889416;0.00467533432421587;0.0011190719553365;8.9373585051836e-06;0.418181249800542
0.000341152413857486;0.317538876385858;0.890211501842299;0.00834815864284438;0.000289174208039044;6.06271986340846e-06;0.000547264412303186;3.24828362191995e-05
0.192735226836978;0.00240385846686529;0.00010581954159956;0.00189646139293509;0.0699432603932448;0.0114196974012131;0.00031361593940699;0.000776235030156876
0.0218352061428044;0.345569138682916;0.0104823583726835;0.0833505119102362;0.00155544098667011;0.148727090829645;0.00588944076674517;0.121748020360862
0.00653808033175814;3.61580348434248e-06;0.343881259309282;0.257228564171686;0.0122684944703924;0.00286761135690008;0.0138845821932906;0.94281938005543
0.0513519463228679;0.0178211832600613;0.000270857673205905;1.82902803679659e-05;2.04757980807103e-06;0.000414341682861274;3.69133666612894e-06;5.32941501514422e-06
1.24941446508246e-06;0.00320292843069864;0.000323088973195495;0.411519561817704;2.24182368154922e-05;0.000535348982913533;7.78444617233054e-05;0.0592032471890399
0.27586625344413;0.032145153761203;0.000221941313839425;0.0481844004086633;4.13557767839945e-06;4.10414132303569e-06;1.95902790755975e-06;0.110793730148434
0.244259720510028;9.66299471273006e-06;1.65353859782833e-05;0.000266091969039697;0.799232592409441;0.193837877101207;0.00937447527841746;2.94234157508611e-05
1.2053419422156e-05;0.000715164502357132;0.00201995914730145;0.287098116194554;7.21086264036333e-06;2.40259804690731e-05;0.33009039358807;3.64864378189524e-06
0.307932432613307;0.000435234142956676;0.0778897258090838;0.0258102968258409;1.07365310794791e-06;1.64868622468697e-06;0.619088980359876;0.0129469241663748
0.0102594290724763;0.0113457396117329;0.00114799483667783;7.30716432609036e-05;0.371128231742103;0.000318950294238922;2.63354364112984e-05;0.206641826117442
5.34486335885451e-06;0.0220067135699927;0.169045457162226;0.767568798719548;0.000681481531653784;0.0282810894395187;5.87873348462748e-05;0.687611897234914
4.70945507293557e-06;0.323470634723993;0.00385341878757945;4.9678526652512e-05;0.306299727737124;0.0122794181538483;3.00303574447098e-05;1.07100425431759e-05
7.14450370864766e-05;4.31071554562417e-06;7.96625871306208e-06;0.264539101813896;7.36225850257342e-05;0.0165486225739914;3.12947023653427e-06;0.0279994492752997
8.15039777874429e-05;0.00153137419743093;0.0013202746097883;0.2161523117926;4.28627091747243e-05;0.000265147961382553;4.30922101894804e-06;0.0177254830316333
2.55581891233025e-06;2.2657949206262e-05;0.029023273267692;1.75647166322913e-06;0.203990575964336;1.89038516933237e-05;0.00153710131465797;1.96761949825831e-05
0.0190398118925062;0.00147913650402106;0.0164594782058564;0.0010505644332313;2.12944514621162e-05;0.000159558352677524;7.47412428555564e-06;0.000121042834131055
0.139939409339929;2.01268865145194e-06;0.000115488017775166;0.0238400144879137;0.0025121282163172;0.0238631203280355;0.00158333368508815;0.0524057061419213
6.62967797994291e-06;0.00258670198355703;0.0127405561087506;0.0425924545534234;4.18970147406433e-05;0.1059216585409;0.00207328381685321;0.00525331520925603
0.269936307118511;0.0623239700936714;4.43276807449399e-06;2.9424836623805e-06;0.00114164720578716;0.115210726316659;0.000157497149801721;0.000127793380798815
1.30832023678752e-06;5.5509729062448e-05;0.000196870609377874;0.750557496551863;0.00221713623392189;0.000879388364735652;0.202320967012468;0.656977668247228
0.0308523233578713;6.99126698186523e-05;6.1149086438411e-06;0.699283966825998;0.000259715006239241;0.0563234806734225;1.57862203160047e-05;0.200619269287362
0.00132362516538612;3.22863018460645e-05;0.00197863147150415;2.16326213423281e-06;0.000320667138456186;0.00269003973262862;1.94245324098734e-05;2.87548245351341e-06
1.38067449449832e-06;0.00135790486313481;1.14634882395406e-05;0.00332706636962333;0.00236338511545224;0.029103377700515;0.00346830489899477;0.0560214394901738
7.98224059941889e-06;0.000288961201496916;5.2947285849017e-05;4.62530660844991e-06;1.89825588952797e-05;0.000336153323565994;9.32705327318787e-05;8.80384829245392e-06
6.39188708765564e-05;0.000221131228365352;1.01881221779341e-05;6.18577910520552e-06;0.0045445480846697;6.4919899022571e-06;0.00676560475406277;0.177834453861197
3.11460354460118e-05;0.0599092944793733;3.90763716842926e-05;0.000188344641250591;1.15443769415476e-06;0.331173577835508;0.140328218136975;0.114074893555549
0.0543808992792733;4.18749465202915e-05;0.00334191525672978;2.37636539088209e-05;2.21561174650685e-06;0.000100237051211271;0.000132390931866333;6.18088800770554e-05
0.0921477395463068;0.547093627930474;0.00482939974167454;0.0152629696730486;0.315702976082159;0.0617386104931313;8.38086085855404e-06;0.370259791411024
0.00865076933234583;4.67691947309304e-05;0.00180164284259248;8.96452359771172e-05;0.00697902208435652;0.0339677420764543;2.11940799687536e-06;9.90865671044892e-06
3.58523256469565e-05;1.17303571158923e-05;0.00142201893668324;5.67577269532938e-06;1.209126327817e-05;0.000327817054216466;0.000183521033864264;0.0959512996077894
0.000111902778784261;3.08481318529405e-06;0.00137552196315633;1.25623411271205e-05;0.000101516854254949;0.079946097163117;0.923893699650745;0.289030905972655
0.000245678089954128;0.000273104955901903;0.00550020890793961;1.59102791337041e-05;1.16829310427144e-05;0.00262848870154263;0.000519147694226274;8.63344541659137e-05
0.00318532625602664;0.233457160333281;1.21841962557176e-06;3.20045322296636e-05;0.0210574690252023;0.6701997483202;0.00110060820943833;0.000569121390743255
1.94090060052775e-05;3.51735085809349e-05;2.79801016863243e-05;0.311272347039711;0.00480371715457833;1.23567155760434e-05;1.38748544457868e-06;0.251031302342009
5.46166949510842e-05;0.000389486260521712;0.0177334463222627;0.00310646601741529;0.00224557875482466;0.017673986446922;0.000138147427332377;1.97338318672938e-06
1.40951982618138e-05;0.00198401912831855;9.92440023668304e-06;0.267190089327061;0.0114547870727027;1.53195193583466e-05;0.497696430379949;0.00815645165574139
1.20771170989012e-06;0.000183221537969932;0.000164200211662396;0.000239800358683655;0.000473639067347331;1.26095081539225e-05;0.00937766313552905;0.0501195375356604
2.32857897634871e-06;3.03228095857276e-05;3.4172322857905e-06;0.000144643934359302;3.29532937265383e-06;0.0244359828209951;0.000464999850591953;9.95646141542404e-05
1.90169410566532e-05;6.30231511049481e-06;0.943303356175083;1.70832552581652e-05;0.988998006239153;0.481833767972892;0.0449692035197193;0.410410967656112
0.0177876128460737;0.277102999613009;0.0409203411405594;0.0185765260980737;2.43114972108388e-05;0.000129455556955048;0.000728924652052098;4.89415765746296e-05
0.000164596273926017;0.000364481932715558;0.00213361839032318;0.844557265539299;0.587949941712753;0.436584540788432;9.53346581794711e-06;0.0167430046267779
0.000238259888574383;0.00594481206427019;0.0999269773022293;3.18688641027038e-06;1.38205566864695e-05;0.000285827819779962;1.22221874173e-06;0.0162030198308327
1.52535556760752e-05;0.000156499858947053;0.00100266030690213;6.34022719164467e-05;0.0967063402758783;5.2104466705689e-06;0.000154723258114696;0.047301034925645
0.000168040796062373;0.762784712203336;3.75199637709237e-05;2.16844331138512e-06;0.00856465039879384;0.000169259752243901;0.217350304448375;8.02520607065285e-05
4.61503860994548e-06;0.00220360724577748;0.0152752252739002;0.0147097576150157;0.0396657070862302;0.984517961185126;1.60734088547666e-05;0.00149290106185628
0.00906393308566654;0.0380206898127463;0.771195656828625;0.339762574897462;4.51517549716834e-06;4.13027084536366e-05;2.82435740829383e-05;1.16137691088884e-05
2.22189105820774e-05;0.217516367243998;2.31939959203733e-05;4.09401962191464e-05;0.0528546218107808;0.930351326844151;0.274643245128231;0.00127474045136062
0.00361129627991229;0.0974071794217119;0.268065507934839;0.58054646188266;0.0391702978347318;0.000155626915421006;0.00167460439513248;0.57378260524496
0.0291341158953482;3.52473113135519e-06;0.00277590376292605;6.64722021401502e-06;0.119178410457003;5.77465583836322e-05;0.0370721289380685;0.00120978803517748
0.90099837000219;6.78934202134387e-06;0.00105266428112862;2.4585002696868e-05;0.0823855489935134;0.0610164395807528;4.954551341558e-06;0.0013456930194711
5.61244321883632e-06;0.0952274052743566;0.000972950224801336;0.0243204834441136;3.5067045137219e-06;2.22503695207427e-05;1.19813624618453e-06;0.0800472516656076
4.64151410921009e-05;0.0165028296708495;0.00656822092268522;0.000100148083331412;0.453669138352171;0.000294173461752368;0.145846500484368;4.70090296755262e-06
0.000144279939307139;0.000252140499890084;0.000626077546754423;4.23009588583554e-05;0.000169927063168497;0.00356495992811906;0.000287419557811597;3.47406900380613e-05
1.03146767553492e-05;9.56606544276729e-05;0.0122926446473854;0.000328552663422314;0.043686220957329;2.96797995876777e-05;0.000427415048508129;0.00328368404633638
7.293272468194e-05;0.000285426151979856;0.00794801606307192;0.0885676802017432;0.0416214650447944;0.0394444790540747;0.00860660494146934;2.54561895254589e-05
0.103460899479031;1.37441479172621e-06;0.00827795447373568;0.000346295647560355;0.00185082074295212;0.00338213103443631;6.92770335326254e-06;5.28857029578794e-05
6.72038489958577e-05;1.87197577210338e-05;0.438717004190343;0.0201242999750731;1.64828573891342e-06;4.78010622684916e-05;0.000327682218476482;1.46476277159062e-06
5.24588630390987e-05;8.50373387953142e-05;0.570252738687139;0.0493736146158271;0.0193477059637548;0.188504670965418;1.43140985497473e-06;0.00194109703583034
0.000201345366490417;5.17592859389826e-06;0.140345345066498;0.0376773017115265;0.000615915521062798;0.34511846166594;0.294370936721389;0.00779381723158006
4.33471810649854e-06;0.161746991826942;0.000803698192918928;0.000355259526582088;0.564846475151986;5.03641160164094e-06;0.00173561959004401;0.00030055906714389
0.00180692242566158;1.69638849902061e-05;2.02239194847671e-05;0.000538068493035709;0.430291732981494;0.000225765664709851;0.177162597757242;0.545548251293832
0.568784307512766;0.416408988697236;0.120605843433374;2.25597255764215e-06;0.0477666415724399;0.000994981900050537;5.50959569007623e-05;0.000690413332171883
0.000178041715819166;0.000921503192290244;1.28788792055545e-05;0.00946608978801349;4.37879812706626e-06;0.0204848223057522;0.0355738596068825;0.000714184112793231
0.000139688785564008;0.000114163929729794;3.34840667340758e-05;0.000434440015535088;1.54630543431286e-06;3.13920081845784e-05;0.515431822880869;0.00143483315644302
0.0130400003857089;0.0123339352256078;0.000169474420299739;3.80318309417904e-06;4.00171864940211e-05;0.160948214052401;0.0208973444235465;2.7291416383226e-05
0.00116302342216867;2.47018399329025e-06;0.00230548225355687;0.000654530558188312;0.00728689466066398;0.00179269607937196;2.05407007834983e-06;0.00905919930004177
0.000661668254607197;0.189396789821586;3.19840507413077e-05;0.0221737203677898;0.00171291584630006;0.00160618879480094;4.56228609912278e-05;0.0404139984501641
0.0151747811452804;0.112070545547504;2.56303830514921e-05;0.529030414159042;1.95701792786713e-06;0.0132772088420368;7.09573172605478e-05;0.0452594265190919
0.234019727193646;0.628743027449743;0.00345148074873916;0.000152512022807436;0.0808398410622369;0.53543286381282;0.000485456562436732;2.58213151472107e-06
2.38901383444358e-06;0.0398088666079132;0.000297424448905331;0.00890815570200801;0.00111127366028932;0.00018196363503211;1.41624204696593e-05;0.000172267516100616
0.12053720885592;5.30662081164212e-06;1.66377679811602e-06;1.02693035054108e-05;9.26227016861716e-05;2.069853979398e-05;0.077782767360147;0.000106464398484929
0.0116912548157782;0.000370981555760806;0.000932724318384186;0.00724563765442013;0.0163168811956271;1.37177657767578e-06;1.46642395525987e-06;0.00088666336276722
5.59365164000493e-05;0.306089361044786;0.000581757518930415;0.109771674269308;0.116213122794675;0.00405552940218553;0.000572420789999994;2.22259743415078e-05
0.0425284393599265;1.37072841304756e-05;0.00404840618385203;0.00398455276859782;0.00771396835796363;0.656019906055442;0.0835073106001582;0.227305028260438
0.000509311062143402;0.0478520570824554;6.93139221908594e-05;0.0159345641818942;6.43224104970779e-05;0.0372559036853792;3.83753611783409e-06;0.513135988983869
4.3395091247599e-05;0.0124530862120519;0.000370514361826739;0.000130976998287848;5.57475620996638e-05;0.0262635321975559;0.224474582931734;0.000277037431839372
0.000129508059052612;1.7650439237292e-06;0.158321961239846;0.00118559651272738;0.000421026385866552;0.586673196843641;1.34786233962956e-05;0.0629074361118139
6.39483400376151e-06;1.11443462213113e-06;1.87875056693785e-05;0.0308762521191652;0.0375494043176207;9.49899287142546e-06;5.44107804593212e-05;0.477993297855261
0.35952252334538;0.015216919825327;1.30774256373816e-06;3.5203321823624e-06;0.0836591592737671;5.8402063767282e-05;2.7256186287212e-06;0.00450532374382218
2.68946518431034e-05;0.0281989726414226;2.48216079050185e-05;0.000221421443293172;0.000158099861174479;0.00436694003529177;0.00146911216746308;2.40224455768613e-06
0.036047131970082;0.000509245887333441;1.05807220161973e-06;0.066076715423575;0.00276406223505552;7.67562788502879e-06;0.00269648720842904;0.00265789710920983
1.09875859274134e-06;0.809771109703342;4.08276884880589e-06;0.0154765965916641;0.000139188212756099;0.00411055104291916;0.0133313975922539;0.000458753621099206
2.65759197850231e-06;0.363700229049989;4.68922560476336e-06;0.374828885556427;0.0035176863865683;0.040924564176252;0.00137001172426141;0.000786308804677643
2.2706801025807e-06;9.22780274540347e-05;0.0217505914709629;3.10849965485057e-05;1.12924298667963e-06;0.00156398665973161;1.58925397535259e-06;2.64451853409333e-06
2.17292269431839e-05;0.00383460801171536;0.0005058656702421;0.000225186604002254;0.101748076865941;0.0195607083858249;2.2750285400847e-05;0.0104936374712623
0.000390258033646323;0.000167425263289332;0.000877168775205107;0.0466844977604283;0.000597340596508217;0.0878182752727394;0.262068453205114;9.48281480457308e-05
0.612488311910367;0.0304299886572859;0.000643076281885679;0.000714117479071979;0.602667234587642;8.06951520087009e-05;0.483499216919158;0.00025863642289897
0.0084885502843157;0.0455506275644267;7.93444211264822e-05;0.556328094997357;6.06079340518065e-06;9.11557209288435e-05;0.109571126526195;0.0999874810889807
0.810213200403164;5.29664928427495e-05;3.11767285937158e-05;0.728218900128966;1.23172049863284e-06;0.0113657582234144;0.0939519195433685;0.00101399445995456
0.331054068126171;1.25141547871785e-05;0.522329210273269;0.693040368749427;1.9304420371241e-05;0.000568276142025874;0.0460763238346586;1.72430536157304e-05
6.00289567411402e-06;1.86189021873779e-06;1.52002075531744e-06;0.104077852601772;0.00420176270491385;0.00167089045106595;0.00439846305355886;1.56828355939388e-06
4.10330808074005e-05;0.00010380828782566;0.484937217568475;0.000362814919871215;6.74472216404838e-06;0.0311409494793102;2.48410780446052e-06;0.00961183702520884
0.000267500084099219;2.38002637750528e-05;0.00843833832839167;0.0576771589811233;0.0618852775099952;0.691828579141387;0.0867258493509279;3.0765922280421e-05
0.207999990139523;0.000210507399311837;0.000280591643481497;0.0017274746530746;2.26305498106818e-06;0.13332995311105;2.68940974986123e-06;0.0155197652072522
0.0484174926300628;4.54058324073917e-05;0.108607511443755;0.00878338272806487;0.000526405617747549;2.89589094926469e-06;0.00179475861678609;2.09993565234194e-06
0.435983443844579;0.0242748450176217;0.000762935189234461;0.278555579898646;0.813282957215031;0.0228946153638127;0.014982556427679;8.53682611668121e-06
0.000151045875311426;2.29695805942661e-06;3.71417355607339e-06;0.000391863350454039;0.475923721732708;0.239713196252772;0.0344732880462141;0.147121993411561
0.00304442210964327;0.128935181828725;0.000239876438700693;0.126631670034916;0.00431938094153936;0.00800560356122943;0.0277613176046831;0.00122334021646551
0.00156139175867333;0.843664311483014;1.02124780887675e-06;4.1775888442558e-06;0.00245902997539753;0.00919630873966983;9.6948589267602e-05;0.00061467360364977
0.000716458183484739;0.000755299434729355;0.000434673159679802;0.00324953809239573;0.132604645523497;1.81816184380166e-05;3.57142096854871e-05;0.00379971683166557
0.00449991738726414;0.00305366384320466;6.39142633241636e-05;0.0936980568991647;0.0584051480305136;0.00063216602121844;0.0429937637017424;0.607396258654874
0.0717522695145274;0.0286302534406469;0.000117257120378259;2.35834568792655e-06;0.000396287593851233;0.00526703401870847;3.72030539183281e-05;2.39512678359037e-05
0.000252898119664243;6.70834831295763e-05;0.00990153545917809;0.0269135808187394;0.765510803457229;7.18462501200052e-05;0.00234094501607544;0.0318902936465433
0.00194777973261051;0.000206661945367135;0.0140375420942476;0.0410269621651811;0.226292548103263;0.459825917607949;0.563332122200518;2.97342773771778e-06
0.00169532686058995;0.000341405559268929;0.247695596098208;0.44463158639518;1.10998850821046e-06;0.000148691424140823;0.000789189768831844;6.43277649523845e-06
3.60366854841689e-06;0.000148623382874493;0.000120234586016343;0.0196349247015845;0.000151724630215534;0.736895599227285;0.000250172134228506;7.14206504965432e-05
0.000424785224101034;0.751634104745818;1.75262874733845e-06;0.00783958375882621;0.000189551786195074;1.58175885479934e-05;0.0333634363740199;1.18238411596961e-06
0.692820038566301;0.000331195452329225;0.142355889885049;0.000210877284042984;0.00810476274693761;0.00688267942890159;0.0756890724506651;0.0182477489593325
0.319453365536917;5.04107919736721e-06;0.000554798686240996;0.00682703571846959;4.52068761946092e-05;0.0013234758431797;0.000408936158145813;7.74802158442594e-05
0.648843249665136;0.683289454039693;0.0382088300624125;0.00360441277232434;0.0269487880212876;0.000670626474736484;0.142100375577319;0.000807808583740339
0.00654784027074166;0.00086215389693025;2.06501369595035e-05;0.0219313362680321;0.000205508593179888;0.0331422246526408;0.0177218901085808;2.8264573541779e-06
3.73192843513217e-05;1.1773893381366e-06;0.00485409121936814;1.47521555425611e-06;5.82341961643659e-05;0.00580508513785705;6.25824217601255e-06;0.00729812396813155
1.7677129483325e-06;0.00414694077064548;0.0015702138636306;0.10181563165472;0.398368130116249;0.632274562828565;0.00798433879175032;1.54872557682129e-05
2.15384114706644e-06;0.00211237845579619;0.0236922518655838;0.0985247894103267;0.000757960690949022;1.37879863941994e-05;0.000151277832290065;5.53513462042583e-06
0.536766648257945;0.386057565885907;0.234773611616181;4.6566004027145e-05;0.000863987027438815;1.10938671089644e-05;3.26974787201259e-05;0.0214944801910394
2.87001138889598e-06;8.55424317886342e-05;0.0266474290947952;0.063960698036709;3.42297437173136e-06;4.29857872357906e-05;0.0198075323671992;5.54762829401089e-06
0.0583454358410113;1.26782017672008e-06;0.0499453521962539;2.51348752435357e-05;0.00552796903895316;0.762498618846529;0.709440877918341;0.800990133405634
0.0156302291309139;0.154714371270485;6.24975729200487e-06;0.00112757872824889;3.18282651293622e-05;1.40930016223611e-06;0.0635531193252876;0.000832486023382899
0.469957259647547;4.03670936102174e-06;0.00460633058519493;5.81338403641307e-05;0.0423532342151997;0.522699043695662;0.000394987629698375;0.000135028525615956
1.01569028263522e-06;0.00408815467716572;0.00748434183988271;0.000610861645079662;0.0185973901458068;3.94551293697092e-06;6.39424090890218e-05;0.000407326956480188
0.000171366773176914;0.0912951796843129;5.50315456420712e-06;0.000731284104350357;3.06653576746806e-06;1.31642602955582e-06;0.0567373429051129;0.000331987773192607
0.000147947555992417;0.000242867117630155;0.000189545785545086;0.00218865539594839;4.81870097979875e-05;0.873289620790541;0.0091191858104234;0.00474433049299585
3.25094911506477e-05;0.0365795522624909;2.88994884424594e-05;1.09316366779672e-06;0.134209964563323;0.752331347442693;4.12019092380426e-05;0.35755589233476
0.196681884783535;0.0556363233180291;0.00502151519743765;0.18425548166958;0.176699925067046;1.20126313821191e-05;0.0122542798269027;3.69840835892649e-05
0.0092920875109589;0.000637079275994588;2.7365855568465e-05;0.0737458096105281;0.0487374647636243;0.000493861538809863;0.0378083862678111;0.0573778776361322
0.00166547956223042;4.74365562632317e-06;2.28889486817885e-06;0.00242743870038844;0.0202130722658499;0.153261602659884;0.407114291686232;9.13044888185532e-06
0.0260135338519814;0.00156478239462976;8.31932636545631e-06;0.0122380210398482;3.03056879744534e-05;0.10222150846356;0.45065422639328;0.0118674387013023
1.36655363116566e-05;0.00207813837632555;0.151485239962834;0.00151761482925722;0.00136500144166225;4.55005891104265e-06;0.0494207217366108;0.000205660858709518
0.161846183358315;9.48136035585835e-06;0.153565647292869;0.114091778330806;2.66867145242642e-05;8.50083134752133e-05;1.87137941502643e-06;0.00429730039387688
0.00605511724739266;2.10868047065744e-06;1.50204225361989e-05;0.00014415123431134;0.000801737535228099;0.0272536385834803;0.00223920471972437;0.000533531659668612
0.00465804376928632;0.00542645120479248;1.2061236660106e-05;3.07889622964251e-06;0.00158284788945739;0.0723845121330108;0.00293427669971227;0.00651961643278387
1.30672190653496e-05;2.42071682816924e-05;0.000292030193897621;0.133890188306443;0.851090596793036;0.0154853201486219;0.211821954618184;7.27084090627684e-06
1.41261458273798e-06;6.18526198923446e-05;0.0016736355284073;2.72729624510038e-05;0.443444433188907;0.00647574997251258;0.00743181053186493;0.0113991496149348
8.46347795906235e-05;0.0412269040450472;0.00755066374511055;2.84993187963522e-05;0.000212226835875277;8.22702065253722e-06;0.00792944198767988;9.07136848925674e-06
0.00804045127555109;0.0344892911407194;0.254176577393261;0.998975788874124;0.00278223482838787;0.000383018998579538;1.04420855210739e-06;0.000234223927602399
1.02836052059632e-06;0.000960283803657448;0.00129727795990037;1.7124884730726e-06;7.32519017456849e-06;9.1691756329058e-06;3.48756028137535e-06;5.92297275780231e-05
3.99228903987785e-05;0.00636372568693393;0.0101019679469704;2.95208723715572e-05;0.0126775472425051;1.03243429043163e-06;9.90876604891752e-05;0.000142561143316248
1.53105167457084e-06;0.0194475495388476;0.203659532126287;0.0119827163791138;2.35361629399293e-05;6.88917697466631e-05;1.24896778378233e-05;0.21511102042138
0.000993450880958764;1.82879321911763e-06;2.26738923133655e-05;0.146922969905222;1.73500105662302e-06;1.98880148841916e-06;5.46328225088359e-06;0.000157240811034151
1.80572322246996e-05;0.0114498273168438;7.30055443722202e-05;0.85289848466698;0.000719100615724587;0.000142382241622168;0.00220991665275943;1.08955045847186e-06
5.91181953315013e-05;0.0204850439727158;2.77548570025571e-06;1.02891179576042e-06;0.00897787435744032;0.0739248589051449;0.625920546047289;0.000428591011589095
0.00145661733989344;0.15962865377791;0.000213195452179441;0.154689146687049;0.000663106644927676;0.000470645838761266;2.4202680709604e-05;1.76979012433213e-06
1.90508579032198e-06;0.000824924524130955;0.0086498913203707;7.13188564676838e-06;0.843788890487274;0.000476560930930463;0.0543801429200749;0.000144675016980111
0.0193263287348842;0.0012829129604728;0.000332956823333057;0.00142579298007013;0.196479932966695;0.096724176137288;0.00275200267880842;4.03002184425655e-06
0.484986366052927;0.0732098573073725;4.96476979454962e-05;0.225808286513936;0.0950928938518323;0.256093437743483;0.00322475997721894;0.000495950928299714
0.0144285332987754;0.000234225118592431;3.09324559066626e-06;0.0679032435843264;8.44579044657952e-06;4.03978619469989e-05;0.0206318364686817;0.0373924853985494
3.53532890950203e-06;0.089761322078088;0.291094632598524;0.00442622364232363;0.00490578937085284;0.000598777125936457;0.000337180077741932;0.000316856210116673
0.000485942593749977;0.000773423802338764;1.10116329267009e-05;8.65199635751341e-06;0.00824438144320909;5.14281890458169e-05;0.000421449760508566;0.0017640547186983
3.42986565152484e-05;0.151341900120142;7.57139867179707e-06;0.00149303617745164;0.00584877672035709;4.22709973641068e-05;0.781668976776045;0.00258507533955235
1.82901898802807e-05;0.00227267049710887;0.000836862968016894;0.0131374274064181;0.0177226991585492;0.00172879837917575;0.432023719026392;0.0300458416261773
0.0440756284425344;6.59559625286852e-05;0.702662672616402;0.24121608728284;0.0146570564011388;1.14794949930256e-06;0.000271580222175584;0.000442592357667774
0.0567060432846609;0.000157456210638758;0.623494232029776;8.61309419177045e-05;0.00557829144550754;2.77120857462511e-05;0.0887996614594438;1.38530462213182e-06
0.0318011155139214;0.000592994808848433;0.179601593646465;2.65018146001509e-06;0.0726281993738497;3.75006401471954e-06;0.135907637542046;3.28095637177729e-05
0.00030340840960648;3.15596894076664e-06;0.117014010763567;0.0175345848118249;0.148990910450126;0.317624961638155;0.347688270667809;4.61456977376863e-05
3.78435022415498e-06;0.00802711460309578;6.70269012115728e-05;0.798473476143166;3.58885125299277e-06;8.30759448189349e-05;3.75060508312492e-05;0.00151826676279457
3.36834441155404e-06;0.00128068015559947;9.5667677325048e-06;0.00497344236287966;2.18570084481919e-05;0.0140607210408409;0.167258290904862;0.265340134522857
1.59308722259678e-06;6.03693965138762e-05;0.000133615394653544;0.0817977281276026;0.0026607324663816;2.32461367738064e-05;0.0664323781313877;0.000370938816340326
0.116440101911789;0.000612942280446147;2.32369281399579e-06;8.18296384372713e-05;0.00513630835767804;1.76700875151585e-06;1.18083718942433e-05;0.00483668679075572
0.00546691569993281;0.0210999533335314;0.000344431377474519;1.96526972360213e-05;8.27932306360316e-05;7.42612274896582e-06;0.102993956724681;2.4915023211128e-05
0.775388739460953;0.114516380062124;0.0361090572440247;0.00174596943502434;0.00365512506889893;2.81365578107281e-06;5.74218670744885e-05;0.141007306492004
0.0231696478977537;0.118907713939568;0.1271745553947;2.30956085044071e-05;0.154684221087049;0.000188347393935724;0.015719822166303;2.16896257027449e-06
0.0752339034745136;1.07981846259364e-05;0.00049232122172361;0.00382112939088911;8.69540635672265e-05;0.564928110486621;0.00178341595939662;5.98860640539839e-06
0.00249450130088054;0.00134960965783869;0.00412879313587618;6.39135093557304e-06;0.00685146407439015;0.000247211850123431;0.301649904880505;0.175229434895866
5.40683133861109e-06;7.4650107039869e-06;2.18150815281807e-06;5.52131514009963e-06;1.00362590060279e-06;4.43100906206143e-05;0.00701103190954851;7.01581263440843e-05
1.88306816140364e-06;1.10806936864158e-05;0.599780616559369;6.92724093963849e-05;0.000240431970165211;0.045634004618616;3.2798548515337e-06;0.000250667069244907
0.00678056844092516;1.31939163612904e-05;0.000142739355087463;4.5730419837998e-05;2.29312075588963e-05;0.00623458650523308;0.000226040129302362;3.15121374479135e-06
0.000655741008938261;0.100078668967723;3.79845175346116e-06;0.488321942159947;0.00507726130131185;7.3352839093429e-05;0.0102825181110984;1.49702015281141e-05
