1.24277589599167e-05;7.63480492223992e-06;0.00320639212931205;0.321605578819634;1.4929762428477e-06;0.0479252992806537;1.53692858030508e-05
2.47948411994423e-05;2.71796844393937e-06;0.0589920538556583;0.00533378982628604;1.10570597651485e-05;0.000202801187193302;0.128703875496287
0.450462045565997;0.0117744089340934;4.03969622316349e-05;0.000135336288175565;3.46270274502843e-05;0.0148538907742024;0.00131634476256668
8.98480547185586e-06;0.226439683971618;6.58235337331635e-05;1.38335263534774e-06;0.000126429362781722;3.00884485557704e-06;4.78339510658792e-06
2.08836410856606e-05;0.977065797036976;3.89435857814226e-06;4.89866813345208e-05;0.241193401757335;1.72740707513694e-05;1.04208661687795e-05
0.00959704305997821;0.00144442638133222;0.735933290337915;4.02428149255208e-05;0.0900741047366177;0.787046391567779;0.401749196469251
2.5676890640805e-06;0.00199679655589201;0.000125936509140814;1.27835512160743e-05;3.16489401151291e-06;0.391190346257509;0.33449876974297
2.74259021978918e-06;0.00861955978373995;0.0536107022353113;1.25194590046811e-06;0.00665918437053188;0.0420485729219591;1.66674991353947e-06
8.34609165335727e-06;0.0685778329078498;0.000227386415016729;3.50014734228535e-05;0.000310632545489845;0.237055159951617;0.013029965078729
0.167176324357384;0.00990428283898223;1.15030532474063e-06;6.58030308841005e-05;0.0352055204408614;3.78801650488697e-06;4.64590111089018e-06
0.000627579217252409;0.17506277182058;0.307261536969274;0.0509590794991361;0.879059797979536;1.79718394139263e-06;1.05040160825105e-05
0.00284711869337829;8.33105749290006e-06;3.72589260929621e-05;0.0352430219354473;0.161926126030351;3.28053970490082e-05;0.000189147965591957
0.0011214737430777;0.0296788212688277;5.66521243035841e-05;7.16807964668114e-05;7.20033562219882e-05;0.000729366098939377;2.97955141164907e-06
0.0635992183075483;0.00328352852681577;1.05614496831625e-05;0.00351082396977206;0.00189254974753455;1.32434632897055e-05;0.122458609264774
7.69826327695463e-05;8.606821714022e-06;0.00256644380255766;1.48344675949134e-05;0.00103729755181116;2.74369001016731e-05;5.13919241157216e-06
0.00296211305119751;0.352371209401547;0.000421272818557826;0.000103783345252983;0.0097524826532195;0.00219425827921401;0.0109594766899195
0.00396226327340954;0.00665252525825865;0.000606058857051376;5.24093677509041e-05;1.20163265078773e-05;0.357688549143033;0.00214415058773102
0.994812067727439;0.593959436814762;5.00151284250933e-06;1.07722751833031e-06;0.0356212343694559;1.49407225899968e-05;0.000637050070572368
3.27826938752307e-06;2.05820045133733e-06;0.00044616621315509;0.000234806942838936;0.00309787066684482;0.0042403112125078;7.65661428727123e-06
4.46965311592367e-06;0.0650441962170939;1.24338233467512e-05;0.162305858135587;0.0227366962810211;0.280314153578917;0.000239355200791679
0.0137123449398724;0.0183963817879036;5.28476733496026e-06;0.062742152628397;0.00161020879651577;0.00128764577223599;1.98674982865391e-05
0.0141662812862701;5.79039491480292e-06;0.693025492363613;0.0278493743898269;0.0155137610989677;0.00378510442603332;0.0113733634161155
7.09009361692563e-06;0.00021328138424547;1.81171082019378e-06;0.000799260342223511;0.000940391488341697;0.129770232236163;0.000855506656873563
0.000555731629660166;0.00763542613879457;9.4304238662706e-05;0.000640017494956139;4.08627952839798e-05;6.26620652740268e-05;6.76378137912084e-06
0.754954252005434;0.0078558625155599;7.1187957488613e-06;0.4188481187137;0.292984006012897;0.0126056147300724;0.000344419202037774
0.00240243599470285;5.58590291510059e-06;0.00117766051312276;0.0135347434238029;2.62582239191346e-06;5.48829308611491e-05;0.361178610693294
0.000222843083462648;0.000919001254352652;2.45081273760018e-06;0.203948603101603;0.000115322406035602;2.6555659345846e-05;3.90402393370036e-06
0.0349501297851582;1.52286915242522e-05;1.18708222122332e-05;1.02591737956968e-06;2.6533150691166e-06;8.88048101747511e-05;0.000260706529972936
0.10728652993598;0.00910419646543523;0.0183442916035109;9.81633279534519e-05;0.0221697151535355;0.000867396194077276;0.0716468045687313
0.00430562065858303;0.000420283077103644;8.5006007686434e-06;0.00858315441849073;0.0276348722207078;1.51206514720809e-06;0.00427013188794943
0.000369011840769063;0.934318983012601;2.11478422733437e-06;0.00664814381213859;0.340193820514648;0.00022178801082248;0.00518399554259746
0.250631460987164;0.492259387664721;0.0665780887244661;0.237475585411838;0.000798184046188524;0.000102799695719278;0.0234840128619887
0.000778931137187874;0.0250389045269526;5.77818848607425e-06;0.00653369760980452;0.00623430952244133;0.111920468811077;0.170724487070382
0.000807117441954504;0.00254941891368577;0.000353650381874464;0.0364961432157852;2.30076332629118e-06;1.02258319613212e-06;1.13170152747015e-05
0.000216059116209665;0.246333233332228;0.10284431781722;0.00396390521410239;0.000777621564224544;2.41541481563477e-06;0.580449861092979
0.128803440625155;0.0585958009438652;0.00288486605222531;0.000880846746016097;0.00229972274354408;0.000165297428713072;0.000141448605426858
0.362918943827828;0.00298192541486852;4.45824644773306e-05;0.00802377676099628;0.24971517749904;0.0323917965030958;0.604481788905029
0.0169852202350351;0.399435449827088;2.60727116577529e-05;0.385686760298705;0.000132352846820494;0.000445990732528408;2.53307836082126e-05
0.0624238714356051;0.203088187726652;0.0255364854995563;9.030594996567e-06;0.000224684427715577;3.77405957150183e-05;2.86005749918389e-06
0.341597594419377;0.0129901182533396;0.00109573966214185;0.00239664877786047;7.74925874301269e-05;0.00663909730653383;0.0912400272838743
4.95730464595991e-05;0.376189169673909;3.47349553429634e-05;0.000305504720477032;0.624560020892258;0.0351630786933668;0.000687917506669442
1.95048542307166e-06;0.00642989241710829;1.60348655953095e-05;0.00056270203177991;8.3205519624329e-06;0.00514897935889673;0.000217520763118712
0.727104685968805;0.000116074718976163;1.03049837520014e-06;0.000741528620090249;0.000148074752561126;0.325821368867062;0.000537610301858598
0.157442224528713;0.00065939023131816;2.37127551245249e-05;0.329661502151046;7.53187996093069e-05;9.10031676758054e-06;0.161343461252437
0.0789022696832511;0.00102971070239675;0.0109806191142203;0.905223872715339;2.80740399656941e-06;3.84800628773412e-05;8.90790927135506e-05
1.14369497399605e-05;0.167221889782232;0.00538495568356276;2.00919405727008e-05;0.000475221902745729;0.407800344777834;0.0191795931214871
0.0465804972263814;4.61541181922309e-06;0.0341693085652771;0.000674459498741328;1.03451338373835e-05;0.000196609078921841;2.570317163443e-06
0.000694638294627067;2.64012362233933e-06;0.000112297809101655;3.01259146420067e-05;0.126155641664003;6.49650326311695e-05;4.0377898280254e-05
0.00352093046456286;0.000123821717897175;1.76685923222786e-05;0.0404651648964646;0.74975209815462;3.59310992477601e-06;2.73156464644298e-05
1.12483937754558e-05;0.0632161608999209;0.00435543671038571;0.018738832612746;2.46635005793456e-06;0.49002713509319;0.389391052792602
0.028130328332113;0.0449948092844486;0.0455259012349082;0.000381712323886861;0.0545181845556957;0.0361968028462504;9.22488853405977e-06
0.012468170838983;0.00181883144859617;2.98653679380449e-06;0.00165117267629522;0.000513882704050657;0.000450874576455506;0.00465106181365294
0.00577433863970453;0.786986149547151;1.47573386198683e-05;0.000263046569719178;0.0492540503173142;0.00559766798653281;3.22442844887104e-05
0.0433253229083577;7.66138477123365e-05;0.0031017515006245;1.52780462929107e-06;0.000411644176658279;3.51774042020398e-06;0.0224354653491476
0.181508127337723;2.47231207606412e-05;0.000122733240428669;0.00496043076700598;2.96578823193571e-06;0.000367930324794035;1.61984123106796e-06
0.0299992658746407;4.46820070526501e-06;0.0225862505686067;0.000213328177946084;1.38434016627264e-06;0.949278073445631;8.259835102904e-05
0.00529155074072807;4.37129106168892e-05;0.000208883869774116;0.0462054383709378;0.000590290038508042;0.00017876021583704;0.000644453113380284
0.0741377192351341;1.13705492496326e-06;0.00624164974458407;5.91640661713724e-06;1.91859356316971e-06;1.60858464245618e-05;1.48169540093616e-05
0.0336543911129345;4.9947119462463e-05;9.06708220099812e-06;0.000191518478848113;0.109782044787172;0.0500329753659476;1.4953191734215e-06
0.00119402608222233;0.85926043942689;0.000753053920007678;1.37484524572352e-05;0.0189931780274505;0.00297121694429158;0.000232714577927832
0.000235658526474528;0.0825528282154818;9.99685615685967e-05;0.0359947943990421;0.0653290180555379;0.00369549939827501;9.15375891970518e-05
4.44995262725061e-05;0.0329126015902915;0.0172107431146556;6.34486965047713e-06;4.72726423138622e-05;0.002085136039016;0.233204833760011
0.376159354623044;0.000197410660976218;2.46538874272774e-05;0.211213317471159;9.28831314468631e-06;1.26994075182882e-06;0.469567515134733
0.111860553672063;0.000178825861113729;6.20155169129574e-05;1.46984089755903e-06;3.761472921863e-05;0.0381928581427094;5.06632374749705e-05
0.000105581977737847;0.571365175573346;0.018847223648122;0.000161332641611053;6.97707968395213e-05;0.00603164971279537;0.000117672557182459
1.63252515266541e-06;0.119233388808268;1.55959091092675e-06;4.29279209266986e-05;4.74495324828596e-06;0.0024913601441398;1.43666406694134e-05
0.0013901342237432;0.709958510474417;0.0144804441941279;7.58940148021922e-06;0.000170652440195682;0.000121622278721053;0.000510689744224377
0.0839505177372431;1.9156024143476e-06;0.0389887298821744;0.0712502673670416;2.52371363887501e-05;2.30536324212274e-06;4.42609131970573e-06
0.000201941971726645;0.00267260356127788;0.000236412234474536;0.0761063157846477;0.505107598096888;2.59707668638313e-05;0.081915981073363
0.000208979622741755;0.000174042809406971;0.0882592790409804;0.00373632032179114;5.42230576988345e-06;7.80124828975231e-06;8.49928950253241e-06
0.630278744027098;0.000129107094563619;4.27787682817961e-06;2.78631454358277e-05;4.98232568330285e-06;7.49533797093989e-05;0.241792599694817
0.0001837558238836;0.108349362639747;0.363287378443191;0.000111477483898211;0.017685908400409;9.39045041842651e-05;0.195089445401084
1.21480746113725e-06;0.00113004742030598;0.18041335655806;0.0002967459881497;0.000266181912492371;0.00146998725927018;0.00333974328473032
0.00151971692782615;1.01221824186846e-06;0.64992418602216;0.0386168947343326;0.00745159594526546;5.5284754566211e-05;0.00029510222054571
8.02624717089043e-05;0.883646224669551;0.000148813827295318;0.00016424595034812;1.27430643879907e-06;0.0189056304944994;0.000278022978212291
0.00188949841355591;4.34816081014031e-06;1.98061196626487e-06;0.0967236762532133;0.536268520900324;0.02136826096265;7.63688546225954e-05
0.0017821311615002;0.0141578001790379;5.69090097924976e-06;1.22032240196497e-05;3.73023742688215e-06;0.166237260889464;1.12974666557356e-06
0.000127704293862599;0.000470010412465127;0.0938315922066277;1.74091644204967e-05;0.00082973442695691;0.245411768956142;0.111267645884514
1.82645284707011e-06;0.131012596308766;0.0035405960866153;0.193935449643175;0.000892804056969778;0.000788127425252673;1.10516312960078e-05
7.25317190240573e-06;0.0039733209264908;0.00449258941736495;0.000179234015612929;0.00012320527783043;0.00489582088752206;0.0004448102020426
0.00740565719672166;0.00142978165024742;8.71120516445398e-06;4.69899075843501e-06;2.55040175783767e-05;0.00050168693522658;0.00185429491638942
0.225515004959798;0.00373907403255917;0.000540542224451464;0.602278194272494;0.0267071744327139;0.0881795137055748;0.0601505112395464
0.00386023861047262;1.24640196886366e-06;0.287620655572241;8.55765559089684e-06;0.14426855026719;0.100225361628703;0.760898327868426
0.0942888744845374;0.00122483298081849;2.53922573434196e-06;1.00021342772007e-05;0.00344356604420131;8.47054248548228e-06;0.0397608727673522
4.82429294270393e-05;3.09361115462921e-05;0.980511822102622;0.00287861926695471;9.68256921991446e-06;0.0769081421799576;0.000202974429884037
6.22502852948709e-05;1.33180049009525e-06;0.0274978371690462;1.52377660281799e-05;0.00119796897137995;2.2117268408243e-06;2.01280989640456e-06
0.000941827226608915;1.58465256508953e-06;1.40132677664646e-06;0.000253616113201971;0.670198778648588;0.000943784873050302;2.14725171830758e-05
0.0962734694525672;0.137995542515709;0.0800846419236976;3.64121032032319e-06;0.0241407489710126;3.12542995377704e-06;0.0215560737784048
0.00028726303586467;0.00526261375184508;0.0718600659329708;0.150845750895131;0.0131265638614363;0.000351826593650102;0.0162243894484672
9.55174246339035e-06;0.00468207474356659;8.23207901237358e-05;0.000139873658756378;0.00376019531949527;8.55133327558925e-05;0.317461954884124
0.00490553270604884;1.93470216244159e-05;1.51087577496683e-06;0.144455309287489;0.000134643022254817;0.00187799841039931;2.24420574497862e-06
0.000601266569982459;0.042195318048845;2.36729731938848e-06;0.801868257861965;0.0511183799323567;0.116286681896467;6.5392970940907e-06
0.000906948883342552;0.0155167364135619;5.46485693960376e-05;0.00203256452213707;7.99848761554862e-05;0.554633107222223;0.0974702800217456
0.00981869126023933;3.29467172583924e-06;0.585161744014338;0.00102606756952613;0.000373744345633268;0.0153672743372753;0.00299502341944734
0.0175702317119081;1.03604597596861e-06;0.0160389598186172;3.25622139199112e-06;0.00616121677740837;0.00323013433593613;0.11355629315876
0.966950395936765;0.0254846673257771;0.00206054074567512;0.218854280446303;0.000110786709934519;0.000105419143404206;0.000112108689680846
0.0453027378386885;0.00111317128704766;0.134860112649896;0.000121109781310428;1.58506180629149e-06;0.905750057036724;0.422105829519019
5.76548651005246e-05;0.513048949030736;0.000277931591752421;2.7591143907361e-06;4.31278815244062e-06;0.119767816154583;1.76923658906191e-05
0.00269005783296149;0.408295541800843;0.000960069589745095;0.0342852066465945;9.82592338479847e-05;0.0437199238501151;0.000308645203593897
4.93265558746522e-06;0.000296788549014602;0.794915317842331;0.00915698910842339;8.68921791511316e-06;0.000579714410840077;0.653198600157786
0.000452213444345449;0.00423588876134968;0.0371429475587905;3.70748665664765e-05;0.0256854456508037;0.0467346620298821;0.000113264081222434
0.558457134754677;0.0431675136792273;0.04042101123186;2.80150136043486e-06;6.29116374363009e-05;0.468700891616894;0.964159622374702
9.7378570339861e-05;0.000439710030516731;1.44558302045772e-06;0.016917110432334;1.43352591916605e-05;0.000214844405750867;0.0166101512434109
0.873652006110151;0.00189805070854361;0.0203693364803604;0.0587806136376679;0.257655283122906;9.75707306167026e-06;0.00869444920117405
0.000532923505003712;4.18310631238332e-06;3.49185572105345e-06;5.50423173860518e-05;0.0102932188976542;0.000528297261490708;0.371763626718786
0.000107701501618573;7.54300236772761e-05;4.20220416319464e-06;1.30982054468675e-05;0.00173951854449254;0.366232302429556;0.680430276053583
0.00244249357432596;0.000267390500538413;0.0437979743763454;0.000113153322306847;5.44478346496314e-05;0.0404474297208308;1.29315728780191e-06
7.59769993712481e-05;0.428913014532312;0.0511907382197348;0.0803057079711351;0.000107436926182126;5.66536192454601e-06;0.117522961386017
0.00104760745921571;7.20005269627093e-06;0.0737129558162322;0.00134252140252427;2.4914329998354e-06;6.68935762634771e-06;0.00361884708460317
0.406669005139249;6.32319575911262e-05;0.00187937623095919;0.124269242056136;1.49740421889716e-05;1.70236356448519e-06;0.000108921653073846
6.1023321925211e-06;5.53012636049504e-06;0.00940649429337434;0.000841366032890346;1.11999656405582e-05;0.00154872124378803;7.03441668870814e-05
0.000191960336201745;2.60370719503797e-05;0.319245043714681;0.00124760452050553;0.00017883265591814;0.0667710756173823;1.6326323770273e-05
9.05591115194017e-05;7.9372878260083e-06;0.00143618737359017;5.76707936897392e-06;0.00337112108217215;0.501567775862039;1.27685298962691e-06
7.86545638264162e-06;0.0229866825751989;0.459408708383164;1.13250982512427e-05;0.0639201163773458;3.07508817603704e-05;0.150853240122801
0.0331784125008175;1.04302631564952e-05;1.28098824364485e-06;0.0329563291362721;0.403187488035264;0.00460167268352987;0.000104155609258823
0.00162250316203354;3.00806170781147e-06;0.411966975036322;6.8196933769224e-05;0.000653335574591869;0.0137307580344952;0.00022316996800956
2.8329387599642e-06;0.106639342922948;0.324956660525032;0.47920943098287;0.000446628259032895;0.00195290312043389;0.87018611535844
1.30226754705497e-05;3.93288322577449e-05;0.00015746764896284;0.00143550270933929;1.37835973827274e-05;0.00177088311153024;8.38237628542051e-05
0.000835716745386618;0.00875109044019794;7.8418123824507e-06;2.62906762505776e-06;0.0319986578568296;0.000110536765158329;0.2519032594092
0.00592898022270017;9.45273362443663e-05;0.0316597235612333;4.51794799112733e-05;9.3965205417852e-06;0.000175141745059636;5.22170807698771e-05
7.45096196501858e-06;0.000132018779399202;0.197137493671908;9.40051476836063e-06;6.41740269988183e-06;1.65349119738804e-05;0.00195544444428345
1.70195924673399e-05;2.96976678040525e-05;5.55710654523419e-05;0.172536783653926;0.00102183756943121;0.0666772852877518;3.40199051217748e-05
1.64714127738699e-05;0.00489565155242573;0.30109696854535;0.00107325795460218;0.00948455632279012;4.3377089999064e-06;0.1866908604089
0.180059867062792;3.74645000192053e-06;9.71449519408041e-05;0.0011576753286413;0.000254768617934108;0.000552091867055262;0.00258489855251138
0.0525615558523815;0.00822447278759538;6.36836669198532e-06;0.0015939468171216;0.000388069446504599;0.0844802414792333;0.000102506668871553
0.577405905959146;2.36788443064809e-06;0.0113151295011313;3.82792036431971e-05;0.940558222705728;0.180817207970719;1.91044305520681e-06
3.43916075105226e-05;1.40233450248245e-06;4.81895421688928e-05;0.000126474614648966;0.024741024627891;1.70677223365507e-05;6.1577450320159e-06
1.09389629328657e-05;0.00925573748966166;0.00174521746653306;0.000203361164581661;9.43114650401893e-05;0.269181181742108;0.000938205417248173
0.0883180445496973;0.670994012180827;0.000318320914918743;0.001390160831627;0.00290339244878148;0.000313073625329552;0.000454628710695143
6.87788603436474e-06;3.78430688668453e-05;0.391182514848103;0.450408526684622;1.35057131604386e-06;0.00707785829103811;1.00591490051204e-06
0.000560820563704486;0.00692794336393569;0.000624949512386107;0.000482631019544278;4.64915385155239e-05;3.588997637741e-05;2.18967991175029e-05
0.707817078183438;0.180741630966233;0.4912940992942;0.937518603397548;1.06949759408637e-05;1.83898272402343e-06;0.019568979365297
0.000316754812441311;3.9610097718498e-05;0.00254346405313282;0.129729524946315;0.169666693669301;6.68199925956191e-05;0.000134945313468417
0.300347876155405;0.0774230943207824;0.0848721936592867;0.0115677062171566;0.0110269599410253;0.0930397635125783;0.0532654299375214
1.44624027913416e-06;0.00101609416699628;0.000870122845323479;0.291933275594896;2.35772505927116e-06;0.000139411812950402;1.55374685673197e-06
0.0997865635695256;9.2985545475797e-06;1.36004542203632e-05;1.61551535401978e-06;0.00107477574760312;0.212739690802507;0.307517166716595
0.000159150352110782;6.54618111324998e-06;0.0126955274781582;0.000152775014109792;0.105224951754497;3.46101212866708e-06;5.65614021588641e-06
0.000331078067516046;1.29239235998384e-06;1.62223112742048e-06;0.00995679112891641;0.000165213101481675;0.00278145940627772;0.000904158279396436
5.00268756009897e-06;0.00117622624843388;0.174259787150228;5.78415254952829e-05;0.720480601138041;0.107098547214162;2.03928350154754e-05
0.0767557487814782;0.0108633651933037;0.0424717668392628;0.0528151626023077;0.076862749804557;0.176898965059433;0.00037934189464107
0.00108304816380836;3.31445867041968e-05;0.00315777499370041;0.000992218598179759;2.07887076101031e-06;0.0185144679806475;0.976385145351418
6.30774215764274e-06;1.60729928124771e-06;0.00568462176253671;7.44955803956017e-06;0.011232855030382;4.57549082663069e-05;0.0322120899838232
0.022614555965657;2.2631513853747e-06;4.45260263739988e-06;0.0875088783311438;0.691154471525573;0.00846365072724953;2.18574215407519e-06
0.00753166145133369;0.736444129832825;0.00699541989392786;0.636772797152575;0.00028073697111216;0.0018959715301283;0.00526958345425507
0.0395498755392942;0.000134875287083329;0.025066263064709;0.000805004894217412;1.83887819491094e-05;0.217502467731996;0.000198426254534606
1.07090734318591e-06;0.00350921686532948;0.0292415168436076;0.674411926606579;0.000915723452638399;0.000392369004319891;5.29953694919436e-06
0.000190544706317907;0.014478632866665;0.00246256568494654;0.396832443652222;6.600095220576e-06;0.00826870080317029;0.0693919893730018
0.0269075903960382;4.92576431871085e-06;4.28597689906228e-05;0.888882182821998;0.218919293085974;0.170787283182168;0.00992531227730204
0.0117012671267876;0.0481628960606909;5.17094796046714e-06;0.0130154922296142;5.31598537391213e-05;1.9021753137275e-06;3.06755385079511e-06
5.97519957384392e-05;0.00508357585643133;0.0173016834689507;0.000691638471592558;3.40169934045421e-05;5.49434808005678e-06;0.270025777988505
0.00635978558755789;1.63708901221436e-05;0.0907254479398551;0.0248564319966365;0.54773795875384;0.138845757898672;0.0340262570183956
0.214496877049377;5.95940662877285e-06;0.131315174044795;0.608376431889477;0.109081616785848;0.000655323453087819;0.00101731387377182
0.00060979314869709;0.000108662628199189;0.804122514335341;0.000249518105506841;0.0298878803806093;0.00891156436455503;0.000715359882304306
0.928747631743038;0.0168548998444339;1.7197193152567e-06;0.0452299932076075;3.77163269421627e-06;0.00304493432816831;4.18473817635937e-05
1.19723148738901e-05;0.00273662414094376;0.00124448138063779;6.94873857352396e-06;0.0032726598750974;7.29164543862089e-06;0.000165478805706714
0.295827115112332;0.520766617510455;0.000394103548847034;3.30755719354226e-06;0.0106646109757381;0.000303907060452777;0.00243237166662287
0.00517198116419024;0.000307505195917879;0.0481914260023328;1.22466813848363e-06;0.000274051503570149;0.000236245673196404;0.00124406088519044
0.000522810200666975;0.000410496551023861;0.431578097165575;0.000412255200464008;0.628449763248526;0.00103565063433168;0.000124344341179877
0.00141654171955643;0.0224549831095576;1.89523684789598e-06;0.348117863712331;2.87350705520854e-05;0.00390529680365342;0.00160836509318191
0.000495089613528511;0.000139256644171334;0.000482555666166709;0.0320493974107622;0.001651173548982;1.97292359260896e-05;0.000826167706584773
0.00324708427376554;1.75877445633621e-05;0.145920853894836;2.04030603046498e-06;3.25454967101466e-05;0.0529103856136204;0.0554503210013683
0.0113190690333425;1.44326772642977e-06;0.0149260385050793;6.28773149993997e-05;0.000330126458240586;0.000118063469113881;0.000177997131576766
0.000153935920715761;0.271304396476548;0.0279950808306945;3.3621463600862e-05;0.0312349119116951;0.37195365960208;0.88623429521274
0.000103655211870072;8.17704622573569e-05;0.959979659584557;0.000423237233385476;0.00378096442994744;2.10309011267355e-06;1.28623794152402e-05
0.00205802623567358;4.82577992212434e-05;0.189707650608488;2.42300829305206e-06;0.208319724334679;0.00126354844338964;0.0047758810171578
0.00506924666375943;0.000498998086460356;0.0701212044501745;0.0012367239463104;1.32544440175005e-05;0.000240968111689414;0.165815527121045
0.396697560115986;1.22346990836885e-05;0.00222768394419093;0.00248936948782028;0.000118876242445427;0.0035580883216386;0.000385522583979808
0.0284744443310415;0.0235770903983979;0.00575710040841879;3.62749534387778e-05;0.0100517221218434;1.19792579801431e-06;1.88245455876071e-05
6.60506956735638e-05;3.90081163462965e-06;5.95466856569624e-05;2.24819757067424e-05;0.000342955877068001;0.125929148061474;0.000744696450745999
0.0043915329627418;2.70529292061339e-05;0.539757979881619;1.06369276578839e-05;0.000234736582823415;2.14829544205171e-05;0.446180282137798
0.00258258682169261;0.000320197215562687;0.00615351594498479;0.0561271317241129;1.30457448170679e-06;1.41690655929531e-05;0.0624661658662653
0.00340135243771437;0.0856397239550669;8.93721192838657e-05;0.00477560626294416;2.78708128573052e-05;3.67664637178931e-05;5.82142539480885e-06
1.43912115761847e-05;0.00016282127493888;0.000205953028692641;0.953103609110054;0.0333514283948462;0.0224761073127802;0.0992672757011334
4.02868080793447e-06;0.176726288478151;0.00106363112611478;2.31646642321938e-06;3.68138259049799e-05;0.000256665628280416;4.8795518196833e-05
0.00101258995394717;1.53130252344958e-06;1.85377712897829e-06;0.00756579587193597;1.76095855128315e-06;1.54247980582179e-06;4.5597967680833e-06
0.000351160323106994;8.83371522498969e-05;3.14302105165314e-06;0.429077603738648;0.0143555057233173;0.00471787412390501;6.13269018728724e-05
0.00205044896665723;0.0268021649753505;3.01867955325307e-05;0.00298735963869944;0.00932847295229592;2.87871959408342e-05;0.55230818141002
0.00289887535131468;3.67421672586305e-05;0.0876979850007986;0.000101930901523905;8.86631462244716e-05;1.06299125933267e-06;0.00414839571420161
0.136433681944738;0.000694645255025695;0.00172509031680174;0.353596355534707;1.862726136041e-06;3.20613319187143e-05;0.740698265427094
4.14389340778273e-06;1.47149923851586e-05;0.00227408014513115;0.657592338026279;0.468311948921739;0.000191390262511559;0.00140192970645377
0.439951151785895;0.0748600797343354;0.164967672668505;0.00414559363161624;0.0237564975146951;0.00121458657273677;0.00012685009734328
0.000585009631116188;0.212524765063818;0.414358654560384;0.00160473184315371;0.216564447928787;0.000279936017721291;0.132992314295546
0.000410682998427934;3.87157816613357e-06;2.14889729069317e-05;0.000124435826802672;0.001817636105442;0.0168054031771848;0.81933460390283
2.59602558143618e-05;0.252680240411626;0.00376637152948982;0.198586141810627;0.905699097826664;0.000122638511970904;0.000195797501459226
2.76811827181577e-05;6.14659903464827e-06;0.0330105460885157;0.000171309098324723;0.000142982379793117;0.298262372582737;0.000882363794672202
0.00836406786417494;1.65436776015756e-06;2.61620137831733e-06;0.00550407305265109;0.000537310188041113;2.77264296681659e-06;0.00619834924882828
9.71153089309406e-06;2.29845274221122e-05;0.0348554241356101;0.0604859176478255;0.000954052327718878;0.202231069426298;0.0136023246064619
0.0132970301238205;0.014817204829149;0.217005775383481;1.13112830618516e-06;1.28149827646838e-05;6.03026866342298e-05;0.00314664144151315
0.203153762605664;5.91992980205743e-05;0.000102367700653017;0.000199812727054916;0.146233036946285;4.93969717219603e-05;0.00148428328476986
0.0391099437506312;0.0100870592903298;5.93886262175702e-06;0.000337195309080453;0.00640737564566466;1.45482601050462e-06;4.0895391601711e-06
0.00223678978765067;0.135756317791769;9.81467605191206e-06;0.0925854283574859;0.387238517865403;0.145852379954537;0.00133248543032692
0.0146105710038978;0.000525437440965877;0.00237390189134969;8.37073102066334e-06;0.0289845615314908;0.000108527958542471;0.0289020947555057
8.57698697875216e-06;0.0534252443498566;0.003970106442074;5.99085679936274e-05;0.237365266103888;9.6498170765234e-05;0.00369644502206346
3.06963523289472e-06;0.000478740722691784;3.25216865632093e-06;4.02210405966848e-06;0.00402748558487546;0.0762737010032399;6.83957586118872e-05
0.0825344876966298;0.000143722773602377;0.0762028045607228;2.13299130917259e-05;2.90684210891846e-06;6.80418545594189e-06;0.0151578624934703
0.00336213023825176;0.0833435709328907;2.03121256186568e-06;2.15045102696758e-05;2.12420411521781e-06;0.0203111347509934;1.71416515940953e-06
2.4548161061311e-06;0.536919993489263;4.61891364603774e-05;7.66539201540463e-05;0.0449858327266926;0.227940359372736;0.011671091591873
1.74458061340092e-05;0.000992753517390277;0.000367001713763329;0.120816493896472;0.0118233369624862;0.00881565646049746;0.0227900349909238
0.026523438148481;0.00740656396041549;0.00590442281834991;0.0026442133840565;0.00127635978279355;0.00588788452062609;0.000365412750877423
2.08431892431607e-06;0.00186137503843625;0.0567063453658015;5.37208783810322e-05;0.277035408472515;0.165384317441603;0.000301377095088593
0.00474438311047203;0.00248603640113895;0.858075645012137;0.000284618288722403;0.0303295617686765;1.59174687129282e-06;0.00489471403846149
0.339261036523754;0.054516671984442;1.96194021589541e-05;0.0043032583096807;0.000198178337856699;0.711952192945509;0.000172474482553759
0.0071260266904782;0.222577618921059;0.272958035171808;0.018037343263155;1.64547235643082e-05;0.0100676311103042;0.00449921701190763
0.413749144571671;0.00314259940364206;6.69472552296539e-06;0.0535774742829317;6.72157144820691e-05;0.00100688868758572;0.669975505531129
6.86140983467875e-05;0.000392032942852744;0.106647359400705;1.83367696129982e-06;1.04831575469892e-06;0.000756367110583779;1.21890691072132e-05
3.21882999386875e-05;0.000350229267565811;0.00125961158409168;4.88357448251062e-06;3.88675403781136e-06;4.89247006840496e-05;0.198824603393243
0.263864685755741;0.287016853148408;0.111712410859394;5.12000849304701e-05;0.0013522246678806;8.81997791176896e-06;8.63815088095018e-06
4.32295798178148e-06;0.00286828031276136;0.000180959869983685;6.82194546183734e-06;0.00316960143064371;1.84804318712174e-05;0.00121188947169605
0.00999002468827035;0.0566708154637264;0.000257403316617904;5.3754025613581e-06;0.00022503317869324;2.33353907421259e-05;1.06135973230533e-06
0.00215006304915388;0.0010847948318869;0.000409001744865368;0.00261677732559445;6.95723778328833e-06;1.08836491173819e-06;0.103979678174154
0.286773326537332;0.000122440178361884;0.000793801379887278;0.000168568982229304;0.00433609999310732;2.43440601375612e-06;2.96268183857805e-05
0.0123538428677271;0.00364559852264207;0.0828654066784062;1.87896256967654e-05;0.269138504706863;0.000432892684255628;0.000819494388592038
2.83987579409786e-05;0.0677226034851442;0.00150114343793214;1.29429406555699e-06;0.414909636312499;0.000113823952693859;0.0124808061168425
0.000114092194701098;0.0308876741000986;9.1635420181721e-06;0.000377648434353499;0.364644909464581;0.0302908092731109;2.90998623373419e-05
0.000118111284728032;0.00938956802166993;6.09225291014127e-05;0.168551038382164;0.000300592582931004;0.00959605467163489;0.00392250705526891
0.17154850122352;0.444492954304138;0.0197627595690453;0.00233703080285486;0.000350182462925187;0.00977055431772746;0.0168199852933356
0.83935833235496;0.000575874735711475;1.34728745239326e-06;3.3750815574977e-06;0.0219290878356697;1.27830910251319e-05;0.358804716088553
0.0686622291973468;0.00160085344284149;0.00891090564683623;0.00343256694326042;0.0039798227489775;0.000345730703153109;0.00281078924006827
0.000742438493891307;0.000893369656001744;0.000130229389860705;0.00089628415915108;0.00142036335233791;0.000209032929335432;3.31385594928236e-06
0.104546035478546;0.334786509336068;0.0307525049505145;0.0098248956669712;0.0911833246142856;0.0578738373711037;1.80570586742589e-05
0.000125825160148726;0.263856298028227;0.000108981234937812;0.00226529214231942;2.99039315777901e-05;0.000267538442320262;0.0176513917184573
0.00706598504474129;0.00176834724577694;0.0137275921039143;0.000277461904856512;0.137573572321045;5.8570514370663e-06;0.0272305019277661
0.252270554611755;0.00165287122888305;0.000262004229376313;5.06289097917532e-06;9.70320716996915e-05;0.00244478960679892;3.5654610372137e-06
3.38372061650927e-06;0.000101941280136058;8.7245535101262e-05;0.000585634438993702;2.70424329543269e-05;0.00328116463032053;0.0682182087783561
3.1602554655608e-06;2.56416094318386e-06;0.0242466442160365;1.9479181491129e-06;0.496652067765984;0.59659807043866;4.37685580842638e-05
0.016186888541583;3.42825516428811e-05;5.12232637966208e-05;0.0163136627050952;3.59689665865848e-05;0.000616878612237498;0.0419306371590452
0.000290509689384361;0.57592572986013;1.79532910949274e-05;4.40203725479748e-06;3.23134600886062e-06;1.99825767002756e-05;0.0480217310011047
0.000280303120707343;1.27181734235677e-05;0.00190943275510757;3.9427216934047e-05;0.000572988022047306;0.0014760878657708;1.14588605853864e-05
0.00416198204302388;0.0199906331252174;0.00713846665599512;1.10396625221874e-05;0.0342933786135778;0.00500296312080585;0.0182164216094884
2.20417863563191e-06;0.0173079381035986;0.000249362081667503;0.000502732484136922;7.8938994288391e-06;0.430765200109637;0.00377589903159864
0.154078255457455;0.000548608645368056;0.847027561326214;0.246781141918259;1.56307203334081e-05;0.0181670680926415;5.0454769707261e-05
0.674033939520914;0.000541413983577778;0.0618304773103917;1.87517803324743e-06;8.0631213346406e-06;0.00040960417500052;3.90096010308297e-05
0.000376092418351235;1.9915513214803e-05;9.09607070484272e-05;0.301587227982488;0.649216264569843;6.4619453970212e-05;0.00203313161834863
0.00010068561205682;0.448827806886014;0.000174111502605174;9.29782139602166e-05;0.00024632318163593;0.197717307044588;0.00667483226173547
2.27181109705008e-05;0.14394774292797;0.114430611137772;8.49075805747023e-05;1.80372344354675e-05;0.834020828781681;0.029767457797319
0.00188274445856382;0.0503973058915084;3.57236301925241e-05;0.000555360650601485;0.357372417965938;1.16008469875181e-05;0.831350902868469
1.3401002442766e-06;1.15006394527363e-05;0.0968642197737058;1.18258483669331e-05;2.04415690572851e-05;2.1469295584837e-05;0.00554427252608048
1.51219798253413e-06;0.611742045248253;0.4663955289557;0.0233056992708767;0.0128558160559034;2.27988732374361e-06;7.42409045131428e-05
0.514931041141834;0.000248180793069051;0.511933582890068;0.0021176659027219;0.0151372708509069;3.27257710427768e-06;0.000581487704520224
5.12763128627338e-05;1.54540280330317e-05;2.06998406829835e-06;8.05756061918186e-05;0.956316245851409;0.419006905181152;1.32970802395193e-05
0.221678500435189;0.000110887454889917;7.55730610168855e-05;0.0439320545969701;0.0671672998994831;8.11543093612421e-06;3.10478807510503e-05
0.00233951100994633;0.656713514174817;0.000175444085070357;0.513878757422121;3.92599069585964e-05;0.22196216296153;0.00715657369879368
0.131571889619345;2.78846169830835e-05;0.0230729053824787;0.00129117154104859;0.00785051936580744;0.0256739361878659;2.81095269514645e-06
0.0373344105949554;8.02780144273317e-05;4.0677831111425e-05;1.16176448021986e-05;1.83232085306064e-06;1.03508042784183e-05;0.00572995426844812
0.020725963779684;3.54071437705032e-05;0.0469263376168717;0.000184412363607885;6.29385770422023e-06;0.000374399495380958;0.00344186453125376
1.66641275275111e-06;0.0338444692317777;7.37464670323439e-06;0.00207686147805143;0.000153793546086976;0.014316982523284;0.00117716937426931
0.0185610178433162;0.00066538409831922;0.124510897966512;0.106971031392386;0.00118019774102852;0.14144699673254;5.93414380874306e-06
0.00221969951355383;2.12096271111953e-05;0.00510848706703372;0.00557025354903037;3.12049501130047e-05;0.00454728702246245;0.535959135522287
7.59542477259203e-06;1.82138252173274e-05;0.00427204307082615;1.40738722972994e-05;9.0768058551102e-06;0.00740105197948617;0.00653487782651057
0.00012025438782937;2.19193341428662e-06;2.93324025220051e-06;7.52191343469403e-05;2.71618674943132e-06;0.00239325226298379;2.35907186306892e-05
0.0107310101776767;1.07022449048297e-05;0.0312289039755278;0.00445408026649443;0.159556263680499;0.00140135365025742;0.03057813264709
0.000883544799164182;7.40020277212993e-05;0.000710157400082116;0.000969029419694321;5.55830678538695e-06;0.0440864424162721;6.29887028745805e-05
0.113089482908729;0.0263911677931322;0.000145019493147523;0.00587413758244326;0.188696078263006;0.081125294912243;0.000251796150163579
0.189599856620696;0.146189116127761;0.359289809415011;7.8698662508376e-06;0.323939503900172;7.1070011150789e-06;0.025032893502646
0.00402584676790778;1.41420725953883e-05;1.13213864419253e-06;1.43356695746314e-05;0.0869196083288014;2.58748188786352e-06;1.80015407562975e-06
0.782675661073806;2.60620310734252e-05;0.000138630117341858;2.10482355286497e-06;0.000559095106501595;3.47045918645677e-05;1.72031855727041e-05
0.000306789510922623;0.000145185703700315;7.1673646816111e-05;2.07393033904233e-05;0.000104525327660754;0.00108447919625519;2.59331390253404e-05
0.00275784837316048;0.954769502579088;0.0209910987893179;0.00616094343026117;0.00131040276172823;0.291670186627214;0.00818780730589468
0.851074040345322;0.193896521107772;0.000311339378245919;0.000942458685316639;0.529556455775978;0.00273083384713787;0.00968112312653081
0.000439802685756662;1.5993975418116e-05;1.38555892018751e-05;0.0057207567959736;0.285197192781576;0.00117850566778358;1.86570536191262e-05
0.0557965905539001;0.005605852632749;0.544652824400103;0.0785657545576501;1.39369653147148e-06;0.0510919643275841;0.00407299732247394
0.495287249623171;5.74660176729503e-05;0.011497132066917;1.54269330245805e-05;0.00535305040465442;5.21640406721744e-05;0.00107871537450989
0.00564751961387903;0.00517977638382146;7.7663005261671e-05;0.000762958813809144;5.65421232784452e-05;0.0220185428722161;0.0106976794362574
0.0198607123289411;0.000260628573531879;0.0118807621842766;5.23262219187011e-06;5.70790854081702e-06;0.000816742675195235;0.0804570986602769
0.000969568924018708;7.09707388050972e-05;0.00673437344272422;9.78742066646594e-06;0.0137172867166344;0.287419815570244;0.000776678602313771
0.00151226404111038;0.199709646405874;0.631560635041081;0.116302111816971;0.00150317940033952;4.26355053828187e-06;0.00770142279381188
0.0649129588645341;1.77496953989418e-05;0.05240889806522;1.59079260085305e-06;0.000427293266837945;0.122604545751437;7.86357876018983e-06
0.142585151379103;6.72693438235361e-06;0.00778539680265783;0.000862147749565003;0.346991942881493;5.29732086506993e-06;4.1051712868322e-06
2.04110861955379e-06;3.26768050872408e-06;8.49846867831194e-05;0.00310432997808129;7.64150086055504e-06;1.33133410920511e-06;1.09412324364872e-06
8.84708957638687e-06;1.50190043038212e-06;0.00066074458066763;1.20520634883504e-06;0.000458078964374812;0.001378407601516;0.181576458747991
5.24412669599319e-06;4.50185976588752e-05;1.34237352963997e-05;4.31390203687532e-06;0.00295077031485114;0.012736866465325;8.70705659123726e-05
0.146033398480788;1.0600023417483e-06;0.0562502918940517;0.0301658663898764;0.00204080287988528;0.000954956103535186;0.000595009953058523
1.47682132028708e-05;0.00476761039022523;0.00301666899176211;0.0260697819536572;5.13379772317232e-06;0.00759809640305398;0.000497002166951975
0.000261883806350639;5.46276815625518e-05;4.96114439158022e-06;0.468972515296906;0.0462137956227341;2.51505092379124e-05;4.46227815536961e-05
1.15635859165059e-06;0.0162243467720466;4.69764314173882e-05;0.00181717456755634;0.000362223964411951;1.17356742251629e-06;0.280653257680703
0.0496190956558521;0.00453745216371756;3.32418002092887e-05;0.00195914609907445;0.000712815034525549;4.88832791824334e-06;0.734340882088285
0.00110908464223091;2.05787668575868e-05;1.4395896270957e-05;0.00748530936538008;1.60497235314231e-05;0.000145033996142956;0.0255611390416665
0.000225817115555285;2.93334574786834e-06;1.11666751049667e-05;0.0103434571561951;0.00216118652133348;0.0589618528244762;0.000358021866502483
0.0110163337702404;2.19812059029702e-05;2.96328610886536e-05;0.186961083266084;0.00206192310319729;0.0162379722455521;0.000955226712535728
9.41845884142339e-05;2.79654949180525e-06;1.09300580660173e-06;0.000515885911430313;0.113364119758267;0.000134649362832428;6.58431472119523e-05
2.01690164205474e-05;0.00444299046913564;2.65232099720919e-06;1.67822909171807e-06;0.00597097954829634;0.00545771554519095;0.0119481500701288
2.35592224506808e-05;0.000227751040385359;0.0154936239486951;0.00624899711328601;5.97363754985884e-05;0.0117732297375337;0.00307129728378731
2.4248214247496e-05;0.00080270104244856;0.000390205503142413;0.00709943815776515;0.000182993427118619;0.0294713159421997;1.75333006209624e-06
0.00123149416647833;0.00170574601221815;1.19588263091646e-06;1.79617904157293e-05;5.99998157411017e-06;0.00068964727362047;0.00192519168207294
0.000339570130172148;1.43639997079925e-05;0.334219810984205;0.0011144099789095;5.17640697330222e-05;7.83670892227559e-05;9.98086818617304e-06
0.124372977860112;0.0136472017028884;0.0131140032788286;0.000440938005300499;0.0162460430383;2.54749436741811e-06;0.00240562924561441
0.000473179682210817;0.00679623987326286;0.00015676598263767;3.30448056892723e-05;0.000993203291285084;0.0535748587459177;7.93742925140455e-05
0.151927928012259;0.0796905426825208;0.661289145078149;0.00186819000612057;5.3613343275123e-06;0.0631278690874448;2.38476749729608e-06
0.000423708373950998;0.911233781042129;0.000191298019513469;0.00279553924648415;1.24702709239162e-05;2.14751536039571e-06;0.0267240441364245
0.000866603646343653;0.000188759222398049;1.55671478200405e-05;0.000602809211736409;0.000120172183781301;0.259848741278741;0.000209949805662297
8.5635796812149e-05;0.00118874058482833;6.95940479484075e-06;0.0139262051519714;0.711714869354622;0.000779332016692917;6.6859092632685e-06
0.0603200935080191;0.241105706652573;1.35917373505585e-06;9.20790535890466e-06;1.72243472800055e-05;0.000839027796640981;2.30679289750819e-06
0.000723105996499032;0.0188355525922987;0.0608619019915834;0.0108689148977419;0.0551600188606683;0.381484254747455;0.250971199840663
0.0212891338705421;9.81840594234523e-05;0.258287101320692;0.000500106784699839;0.0720501653254132;1.42913617039128e-05;0.0472734561274772
1.73275515492654e-06;3.45843468777663e-06;0.00151657979785282;1.34538719046652e-06;0.000215003271628603;0.869718610473466;0.228560839872662
0.000791775743485922;4.07264364840081e-05;0.751277473134469;0.000290774840336503;0.122727001013402;0.310653782597757;8.0359708609909e-06
1.06782450676466e-05;0.013084976199416;0.000561457983575689;0.070192274027331;0.00143841673026406;4.63443984553876e-06;0.0389928271273858
0.00772962277698285;0.0722872670872448;0.00648616859543264;0.179171917846466;0.0574613248566422;0.0104899138406062;0.000993067894209104
5.73890305743247e-06;9.11733357301124e-06;0.000718449400922926;0.000108491453004999;0.0088186712470965;3.09552796307572e-06;0.0142660044150662
0.00126236577922513;0.000326548716154675;0.0444777453301533;2.91571731777925e-06;5.02097907884165e-05;0.00782284841949572;1.3484985916347e-06
2.92666837806146e-05;0.000784449858806195;0.0103407011951236;0.0208326566582278;0.0203750399340551;4.00248831470773e-06;0.000170566819626235
0.000394443221247565;0.035324448997904;3.62214980557862e-06;0.0046971531142834;0.000193614949215459;0.62028833831277;0.0243857089887608
0.0164193647378156;5.10551466088558e-05;0.210522955747362;0.0210315509349462;1.19610392234793e-06;0.0914539786546485;4.78469483551631e-05
0.597543655024128;1.21293220387432e-06;0.00162671663518395;4.54298139185986e-06;0.075563403437343;0.0249262863930681;9.84645549952523e-06
4.23373040631745e-05;0.478009253147724;4.19380700375499e-05;0.000117177502829031;0.00194998018086305;0.000129159419499761;0.0732091236372665
0.0369460950029364;1.73478318394256e-06;0.0198360057409088;0.534311590078825;0.183954487758377;0.0103586831008008;2.52533734914518e-06
0.0876644428010375;0.101300197190864;0.000469862356026539;0.000463485345533861;4.05895303542518e-06;0.00202793339574048;0.504753487264647
9.28057347117193e-06;0.0103414411329232;0.0036110879423282;0.361361814795074;0.172868414480755;2.64666731609761e-06;0.154255234291799
0.0240698772715195;2.90031235129122e-05;0.226959024289663;0.160624551813225;1.52606844777251e-05;1.99734693744399e-06;0.0512293598503432
2.99957314106555e-05;0.00338825247441007;0.00928292269201372;0.014255507203796;6.51358269827868e-05;1.60354052004819e-06;0.00604684005289788
0.000135496228007802;0.000569016512855655;0.00052395771709597;0.138565699494449;0.29712844947745;0.000909284059214215;0.0406027541840547
0.518153393014765;0.0106087630829923;0.220043373853565;1.64388626374834e-05;4.63985043744546e-06;5.8798230477276e-06;0.00113263036357451
0.0415155877025633;0.467597460442454;0.907158736989218;0.000451215640057635;1.00439592242238e-05;4.7793120462782e-06;0.913631101591525
8.9193393916638e-05;8.78930966322591e-06;0.0646897608121081;0.000316561193558257;0.000333970762396233;0.804525139120342;3.51475036082382e-05
0.00375471868980648;0.000191460384310867;2.09181235594885e-05;1.41676402956909e-06;1.7178825251177e-05;0.00211717448084939;0.00250917541362637
3.81884916207673e-05;0.00585830987938182;6.85660726480737e-06;3.70703388190634e-06;0.000631811729963047;0.00312959462433522;7.20001551656476e-06
2.11932307277297e-05;0.0061321215414487;3.36413227854245e-06;2.58484560796021e-05;8.32572573475564e-05;0.00234805890202389;0.0310848334781416
2.96551333931983e-06;0.124563277071048;0.383019756971955;0.00518447587699046;1.64428025236419e-06;1.09283313466675e-05;0.00125366034989673
2.63316857618894e-05;0.293415442083578;1.68083391039426e-05;1.93319574877451e-06;2.03223855826766e-05;0.00711302169141871;0.000609368545334608
0.0252784538906339;0.303423037478008;0.194802918596166;0.0111072764735077;4.873313044797e-06;0.00222984009280411;0.000145845046264358
3.93295368633242e-06;0.000455651456120933;0.244225111141424;8.16305300324802e-06;0.194457480550844;1.0137682040705e-05;4.97289138745327e-06
0.0012906659779821;0.00230707331000487;0.00280186670350207;3.89689240098002e-06;0.0601889052129146;3.2924025329888e-06;0.00565616909676177
1.57824786064107e-05;0.0519797793226297;2.85706904804324e-06;0.0286660726830063;0.0363811828982453;1.23508773074472e-06;0.1251798542473
4.73425615232394e-05;0.038522753966279;0.000697892534565281;0.0107240067138542;0.258803623430922;6.29575122630174e-06;0.000667202895588532
1.60199796142687e-05;0.00283774566153265;1.8583776084843e-05;9.08374223146605e-05;0.00124691706188857;1.05224971235279e-05;0.00509392349212088
0.0685479973176466;8.03646120262181e-06;0.375812348906561;0.571873392208732;1.44017221939065e-06;0.00118479568668412;0.00104679085785203
3.90838746572188e-05;6.97952678941102e-06;0.00120775634655695;2.61355095261346e-05;0.0170656506690815;0.000711869773497648;0.0585201224557048
3.76329778295407e-06;0.000727418314910648;4.82803608847808e-06;0.0293335986767507;0.0138586231126574;0.0698317317383104;1.14861546907786e-06
0.384183150061344;0.00729973726784278;0.000453881005114209;0.0027579625316203;0.000491091052018032;0.0108100274364863;2.26091733822001e-05
1.12204436284153e-06;1.00828913927847e-05;0.0669017868441802;1.15356369170929e-06;0.00260227810869624;3.39773825971873e-05;3.43323979097667e-06
0.0235234782816986;2.52960085561916e-06;0.000908852374322556;2.51693872970356e-06;0.100838822488674;0.00109868723671201;0.000119615447816933
1.00729367975414e-05;1.97262574708821e-06;0.00267660310066189;0.0123858847655126;0.00458547929457647;0.00113965316720122;9.10501900240134e-06
0.00034111165137765;0.31401110264219;0.872032752536097;0.00818886580872392;0.000294127552024299;6.03878635065506e-06;0.000547920666617355
0.195753403357659;0.0023566353572023;0.000105782874056973;0.0018928321116036;0.0694902964426258;0.011649497238618;0.000315198122639812
0.0218191314633666;0.345061739710115;0.010641142864427;0.0839317226941504;0.00154799483899075;0.152543434874293;0.00595586153720566
0.00648718030833394;3.56458354168774e-06;0.341015817844536;0.25473828663791;0.0120557812228388;0.00286404340249259;0.0141035927029748
0.0508281366862964;0.0177821087080666;0.000265839692641981;1.84869963925857e-05;2.03108299610889e-06;0.000416395179853258;3.76587893078945e-06
1.26190658468625e-06;0.00325267382344309;0.000327126656436324;0.412743227306655;2.2601726122483e-05;0.000535671606293396;7.76769212401914e-05
0.275134949794984;0.0320939092840334;0.000223567748559594;0.0489235469522937;4.10452215385884e-06;4.15376798960378e-06;1.94586492425259e-06
0.24119131082944;9.63868907549946e-06;1.65067623656652e-05;0.000265556048939476;0.788078125961725;0.192288112667697;0.00936324604392012
1.22066127862186e-05;0.000702390845375625;0.0020153851057697;0.282500489677804;7.11773562045356e-06;2.40027691657171e-05;0.323214541781392
0.30547445558176;0.000427149624247524;0.0770896458737281;0.0259292150349468;1.07943665960296e-06;1.67297005356842e-06;0.614703303370331
0.0102435257997846;0.0112066469191916;0.00111850626845415;7.31670236420158e-05;0.374288860023207;0.000315085807856529;2.60887943893911e-05
5.31346898234162e-06;0.0216286332926755;0.168059402564696;0.766564412573442;0.00069556020562485;0.0282274044516222;5.92487898494158e-05
4.80593665258378e-06;0.327468270439915;0.00382797800681147;4.95869223664582e-05;0.308300290478813;0.0120446055684645;3.01823653708128e-05
7.18475648019748e-05;4.2925678070447e-06;7.96395996434971e-06;0.258809208209852;7.28658072447182e-05;0.0164565690867889;3.14435946068667e-06
8.29258962494709e-05;0.00155303773431759;0.00132585463900887;0.218230098900934;4.29300164904894e-05;0.000260465329519506;4.26583812661383e-06
2.55439347493368e-06;2.24591212835624e-05;0.0291010183330557;1.78431921257936e-06;0.203698885388355;1.88011696073295e-05;0.00153810502191363
0.0188621316100558;0.00149366566432247;0.0166997575718977;0.0010531173823925;2.11218838172204e-05;0.000157232008359288;7.43762560448989e-06
0.137970757986526;2.03315819195214e-06;0.000113916504971697;0.0239226752040339;0.00255103766338298;0.0238695962264046;0.00158744354617825
6.63443442983496e-06;0.00257064875514213;0.0127404289115631;0.0421176946752368;4.22299703544337e-05;0.106510877606335;0.00209528844040851
0.267713519629728;0.0629201687199217;4.39535488442787e-06;2.99891534664769e-06;0.0011470579934227;0.112918998362077;0.000159833789125928
1.30197506879254e-06;5.58074161735196e-05;0.000196583637051814;0.740851654694706;0.00218674607690769;0.000887611200660069;0.202130564317677
0.0315310650754235;7.03839377963482e-05;6.12132788242694e-06;0.706518594256656;0.000261135146458353;0.0564447944677368;1.55269284058808e-05
0.00131974188799354;3.20027880933338e-05;0.00195254095120228;2.15890816468785e-06;0.000320214698538666;0.00267076370612814;1.93895278574412e-05
1.38945547315107e-06;0.00139225142051599;1.16376419170713e-05;0.00330435865557499;0.0023770526612753;0.028326052240892;0.00349300018419452
8.04563001227873e-06;0.000293235407170283;5.24984443647743e-05;4.65598141980174e-06;1.89382519723025e-05;0.000332310821004343;9.34229602505067e-05
6.34297294366652e-05;0.000220271119418298;1.03362656444916e-05;6.06132631636744e-06;0.00444948952277369;6.42841683287626e-06;0.00680345667151819
3.08676914832645e-05;0.0610791509539249;3.93018371615138e-05;0.000186297777494144;1.15418366084447e-06;0.333815018713674;0.140215265870506
0.0548046373895082;4.1771033115003e-05;0.00331183299239823;2.38562424876205e-05;2.1816670793759e-06;9.89186530373784e-05;0.000129810356331377
0.0917546287622879;0.555817322462451;0.00480100751516259;0.0151478406478408;0.314886782188821;0.0624298456069402;8.30091363797137e-06
0.00871909535500542;4.71830630218576e-05;0.00181200293693478;8.82226283343384e-05;0.00705583256761767;0.0340890711302549;2.1145845322181e-06
3.5328735912385e-05;1.17184336663189e-05;0.00142976442404494;5.59789991488472e-06;1.23199961673435e-05;0.000324326251750719;0.000182406796428045
0.000112305984570922;3.04784771804207e-06;0.00137376976079035;1.25784816515335e-05;0.000101076006054166;0.0793897528060335;0.922429367526082
0.000247212780921078;0.000275764036293036;0.0054839123503521;1.62854903985758e-05;1.15225218175149e-05;0.00258806633998712;0.000529025524136997
0.00312175390181927;0.233572850521581;1.22832849048469e-06;3.17898430068992e-05;0.0210073496923883;0.663047143410623;0.00111033314354171
1.93833250390107e-05;3.45909707192833e-05;2.76680909306558e-05;0.305782180762499;0.00480764397511059;1.21379202595822e-05;1.37776133182445e-06
5.38839746921709e-05;0.000385034640921759;0.0179616486104026;0.00314871161830085;0.002274457284676;0.0173055562643964;0.000138925995699655
1.41869043849862e-05;0.00198123937690875;1.01271703265361e-05;0.267074298062033;0.0116252487304318;1.50723664585147e-05;0.495234686271875
1.1933007800619e-06;0.00018312975782044;0.000163867269103117;0.000242668518484706;0.000465247834763535;1.25897147438442e-05;0.00947195804380431
2.34093638741355e-06;3.05555523547704e-05;3.40361001527115e-06;0.000147655074778959;3.36340162763174e-06;0.0245062681858518;0.000462214826054504
1.90388136613138e-05;6.36198891240239e-06;0.942935586216435;1.69670802614491e-05;0.992563025939903;0.48193032071926;0.0445289558653667
0.0179358404468947;0.279782828800484;0.0407751151461743;0.0183743601848575;2.42016625102145e-05;0.000131626875727673;0.000736586177741337
0.000163416737343103;0.000369633651532081;0.00211367155760327;0.827453815808467;0.585416472374602;0.444289020432739;9.39099930934117e-06
0.000239632108349414;0.00600644433677575;0.0996395563427395;3.16421549556566e-06;1.40486755983379e-05;0.000285351992961336;1.22356984013594e-06
1.51732042349652e-05;0.000155366259585854;0.00100672358935442;6.47780984025379e-05;0.09789238518234;5.1248168771501e-06;0.000154915869475847
0.000167550002863984;0.778984027147962;3.79666394009724e-05;2.20568175433399e-06;0.00854568784949227;0.000170513919471373;0.215935129522839
4.64401857924817e-06;0.00220610816698941;0.0150680269341631;0.0147643961075198;0.0404508722209145;0.98833474739344;1.62517941223403e-05
0.00898817205033733;0.0376104324864383;0.775967291162344;0.335983570258129;4.54083603007095e-06;4.07423307917657e-05;2.79195630611513e-05
2.2338070899679e-05;0.218205231604896;2.27274099812733e-05;4.11918939988764e-05;0.0532235921978126;0.938909476353804;0.279187272614072
0.00362311132821001;0.0956752218594448;0.26744926041411;0.582293071472193;0.0391942553546923;0.000155073996580388;0.00164583179337873
0.0293485181058609;3.48334615254615e-06;0.00273879334585291;6.68064674562215e-06;0.1206510385812;5.79042930384481e-05;0.0369174586410061
0.896997046569867;6.75934175112155e-06;0.00105336330776726;2.4222969206644e-05;0.0811134460354738;0.0601507951730604;4.86749784215441e-06
5.60120367775087e-06;0.0931326828941101;0.000979127744944179;0.0242735313239335;3.52471057024826e-06;2.23993361170083e-05;1.18418284001303e-06
4.61230798635327e-05;0.0165851371141398;0.00660749132910494;0.000100174941176599;0.454889505930572;0.000288787648442096;0.147037711893616
0.000144261981962867;0.000252339386503382;0.000639685407535678;4.19661605231822e-05;0.000170244496166326;0.00365587703706454;0.000285080884586332
1.0186356552182e-05;9.81435762964182e-05;0.012301698281591;0.00032928351273669;0.0438798592467518;2.95906329045078e-05;0.000435451460587119
7.34379885712951e-05;0.000283222704845346;0.0079748137710007;0.0898658126226655;0.0413564246279208;0.0389963043166519;0.00851542867122406
0.101657852490921;1.3909399409404e-06;0.00832756046857845;0.000347443936416018;0.00186953359367019;0.00339332770540272;6.98527569340531e-06
6.70204705759877e-05;1.88743801276161e-05;0.447264493335019;0.0199867399164732;1.67496298778602e-06;4.74573667248255e-05;0.000324956163392473
5.26925826426392e-05;8.37740903170794e-05;0.561122809605568;0.0492535186754171;0.0195638420157678;0.188822656321044;1.40695993401039e-06
0.000199405227028132;5.21578156997194e-06;0.140362349399162;0.0374421249412308;0.000624544520517564;0.340673157566465;0.289315994151168
4.36226419111594e-06;0.163238408511022;0.000807503800774246;0.000351813083018927;0.57148737367876;5.04249341874346e-06;0.00169187936617233
0.00183198049659996;1.68155713523262e-05;2.00112941226178e-05;0.000536288353791277;0.432420834310781;0.000226344187202633;0.18029163485511
0.566356666582328;0.415953237412353;0.119504649068986;2.25831701249972e-06;0.0468229496970741;0.000975830773982716;5.5226421373066e-05
0.000175705163637076;0.000921482500988353;1.27536957121044e-05;0.0095453058346199;4.43972300646386e-06;0.0204894715915259;0.0354857902772005
0.000137869914628903;0.000115544871332151;3.42290867055821e-05;0.000433195964158919;1.54516270188491e-06;3.12916685140651e-05;0.518713201464894
0.012882754692159;0.0122949515249403;0.000168436461638019;3.80389259502045e-06;4.02724721436525e-05;0.158488489223617;0.0212763475981631
0.00116625403142216;2.42828142325503e-06;0.00232632561791882;0.000652173248619058;0.00720254754348397;0.00182685960224325;2.0739883084729e-06
0.00067054697998852;0.188740521634044;3.21575156724724e-05;0.0225984764117265;0.00170768287233381;0.00161496102698408;4.64762682021268e-05
0.0153858181045341;0.109747357068493;2.54930804189158e-05;0.518734355059856;1.99401279671977e-06;0.0134016946863996;7.20323702347571e-05
0.232349387520454;0.631402417599221;0.00344902580414783;0.000148662418402903;0.080844458140865;0.534741096769967;0.000476912357621252
2.37885983101923e-06;0.0401091249760074;0.000304164953452304;0.00910352472121365;0.0011060112680343;0.000183116268054582;1.38169293129525e-05
0.121740842555377;5.33690458366886e-06;1.6450377122457e-06;1.02346895916803e-05;9.28634569357529e-05;2.03485645597777e-05;0.0766377948555446
0.0116372815570897;0.000373622118006436;0.000939108518021697;0.00713496426641537;0.0164488234286483;1.38329239660171e-06;1.46925269457577e-06
5.63125569867033e-05;0.30798481658829;0.000590952340420626;0.109787143782015;0.116352001116071;0.00407217165174613;0.000575004280362316
0.0419757100643348;1.36619443914173e-05;0.00404254900114732;0.00400817059274725;0.00755327483330711;0.65731857909571;0.0833973903870143
0.000513431820333586;0.0474292875583404;6.87173913795591e-05;0.0159298951159128;6.32465087455929e-05;0.0366040112239917;3.82619648658052e-06
4.37709434135524e-05;0.012593576689103;0.000369881299460135;0.000130739315293705;5.52194249478481e-05;0.0262517956017755;0.224513906661996
0.000132607859579312;1.76187143727839e-06;0.161209482843108;0.00118182735260085;0.000418084795821255;0.583127486998289;1.37470337628601e-05
6.45977980497131e-06;1.09513729684708e-06;1.88203178363819e-05;0.031051973337066;0.0375801737368847;9.57469714013965e-06;5.41767842834261e-05
0.355533601712589;0.0153318190371049;1.30095834428834e-06;3.48658868499831e-06;0.0834336326061166;5.93139569349652e-05;2.74524121276239e-06
2.68145812748615e-05;0.0277250107782512;2.53350065056065e-05;0.000220022703951705;0.00016045603858767;0.00443993068058333;0.00144278391509509
0.0354292568134693;0.000507580520470355;1.06547348787924e-06;0.0650588658929632;0.00270551459778857;7.55275166442006e-06;0.00264345811635631
1.10510508172764e-06;0.807316346437043;3.9832155364177e-06;0.0157746459353606;0.000139640216336042;0.0041302490096327;0.013353108053541
2.69507142117122e-06;0.365244567110235;4.69398584816322e-06;0.37203457612457;0.00350315184708221;0.0413849174821952;0.00137386780538157
2.25441275975757e-06;9.11440891386235e-05;0.0220569459990459;3.14933727209917e-05;1.13844409331603e-06;0.00157443499870859;1.59816877353827e-06
2.15658491446838e-05;0.00379536183431381;0.000507234249218865;0.000230412838383986;0.102801035284857;0.0196791245312149;2.27335541595992e-05
0.000388022076644806;0.000169236465127113;0.000894420613252988;0.0476628090005803;0.000606133047387171;0.0863254392007788;0.264468433840821
0.615084230383766;0.0306894305604449;0.000644563367632963;0.000702812152216455;0.595950981368157;8.0362459569771e-05;0.485584902157252
0.00860540728068009;0.0459047919533484;7.87711463789732e-05;0.55127209429109;6.17629449908363e-06;9.04938218396986e-05;0.107074998358893
0.819201362104419;5.21005869087869e-05;3.11998193048402e-05;0.726957321326837;1.22843018717466e-06;0.0110794504262445;0.0933692617263137
0.324065023500604;1.23818667235406e-05;0.526768602713577;0.679630140718357;1.9516323713928e-05;0.000565574574955159;0.0464309344812059
5.88321047411812e-06;1.86769053807763e-06;1.5341334420916e-06;0.103877700817359;0.0041357600094018;0.00165006850710614;0.00442115518445305
4.1187146416381e-05;0.00010515481875011;0.478647005851815;0.00036663149051364;6.88356735454502e-06;0.0307751770386525;2.45877997529953e-06
0.000269873633575987;2.34208804188891e-05;0.008554300192556;0.0569506677182683;0.0625529236851903;0.695264699342169;0.086773182097731
0.208001607469664;0.000207228699653141;0.00028106139379887;0.0017101166644701;2.27283666609131e-06;0.133079587536928;2.67220629099739e-06
0.0482015434126329;4.55568464771931e-05;0.108305204547523;0.00874538573187109;0.000526559555396743;2.90223500298933e-06;0.00181844345368858
0.427228119094554;0.0241551501192278;0.000772161647200272;0.27769711553671;0.807101033622106;0.0232612795620934;0.0147363146494087
0.000149624506272085;2.34020855493073e-06;3.70739853415542e-06;0.000395049387988812;0.481985862421316;0.237995998001422;0.0346565284716709
0.00305315516577449;0.127166449663676;0.000237976918678794;0.128846120066909;0.00424218748263416;0.00813582238690515;0.0277424420355925
0.00157011754852122;0.847209847108243;1.0249071313722e-06;4.17119327584619e-06;0.00242550950308796;0.00929071493628545;9.58499043966364e-05
0.000709499422774817;0.000748930222739709;0.000428134297545844;0.00322904783515826;0.12943286021783;1.79798613639801e-05;3.62727717012928e-05
0.00448952768448369;0.00304532801166592;6.32074632404138e-05;0.0933967979577288;0.0591328680721995;0.000629755964363723;0.0433257508482397
0.0721615163717055;0.0290151545633337;0.000118376329926646;2.41587912037754e-06;0.000400757965620212;0.00530386764499981;3.69250159082368e-05
0.000257559655577835;6.75228307740079e-05;0.00988978560140248;0.0270903387489507;0.759111236524408;7.05856754030804e-05;0.0023417527418737
0.00197346280313682;0.000201713317354097;0.0139448872822311;0.0412639761704564;0.22709651706169;0.452597864431051;0.573119397531751
0.00171038011768646;0.000348855133710082;0.249888514768934;0.448657737415751;1.09984205334191e-06;0.000151407747697499;0.000781124568415103
3.6103275437838e-06;0.00015232799878179;0.000119724275808716;0.0192880305218406;0.000150605362926205;0.736436239668083;0.000250892717977542
0.000433529566547537;0.74624154670469;1.76833767043994e-06;0.00793368511258761;0.000185374832833552;1.55934549107877e-05;0.0325539794876372
0.690239073070637;0.00033145618544915;0.144517810702881;0.000207152698589601;0.00805619612602015;0.00673897278515634;0.0746238813247244
0.318781196317221;5.00038254559435e-06;0.000551822262617746;0.00675683476559287;4.42848042146583e-05;0.00133791800643939;0.000411419346786379
0.647743040051087;0.683287162883823;0.0379985996707875;0.00359778047077279;0.02750258506375;0.000666079423138641;0.141245140219126
0.00655887106929642;0.000850902203337808;2.08798967358306e-05;0.0217163010788666;0.000206726188693109;0.0332457387835052;0.0177220836873642
3.69622686810658e-05;1.16002837266904e-06;0.00490342041433124;1.47332778301513e-06;5.96079173070537e-05;0.00580679293181726;6.26223319146985e-06
1.76434808660405e-06;0.00420351729576655;0.00156900626911204;0.101107959961712;0.391237901291347;0.635810973794286;0.00799578674666956
2.15677559742714e-06;0.00216078308701041;0.0239040189078634;0.0982570550318524;0.000739398296447993;1.34829748757566e-05;0.000149687832350055
0.537560414344165;0.380469721946553;0.236820281284275;4.70832406660347e-05;0.000853350036168814;1.11609536239064e-05;3.25092660264101e-05
2.92455323652991e-06;8.78913549077185e-05;0.0265419605031317;0.0633482508381044;3.40881041003032e-06;4.3968243912952e-05;0.0202750172554123
0.0583249147453073;1.26273319718596e-06;0.0499937639990439;2.5285433728998e-05;0.00543087042563582;0.774408079262773;0.707439503613068
0.0157380066935975;0.154577698411795;6.33596357537873e-06;0.0011190719553365;3.18573156900938e-05;1.41047228276827e-06;0.0632336787489149
0.467516457711337;4.06905163751435e-06;0.00467294525881925;5.82317115162974e-05;0.041943773695114;0.517841924014286;0.00040147078056118
1.01148884896979e-06;0.00406358074626631;0.00745702975264904;0.000610863260665713;0.0185671768062611;3.88735851928018e-06;6.3153602232723e-05
0.00017457949697854;0.0918665266054138;5.47690175423204e-06;0.000718553324993205;3.02627417284608e-06;1.31781224498482e-06;0.0565444628790358
0.000145235926051051;0.000242919236948092;0.00019030502340943;0.00219889665657421;4.83513393246494e-05;0.891906221873176;0.00905297396701802
3.26227292474668e-05;0.0365201721238528;2.90020369186432e-05;1.10295275218171e-06;0.133948093367561;0.752906667884865;4.07587036619839e-05
0.201020726474299;0.0551262722515258;0.0050024603673611;0.183096288610973;0.175673611524129;1.1736733259158e-05;0.0120593010227276
0.00934093789232637;0.000634748162793194;2.70792718335949e-05;0.0736593224891088;0.0487916525410242;0.000492831634098926;0.0379415883205457
0.00166816172610191;4.73049359868565e-06;2.2518330169244e-06;0.00242785254794209;0.0199544895559803;0.154353038879977;0.412906629501896
0.0254162656987482;0.00157911710162633;8.18524658391095e-06;0.0123217724972969;3.04395792270715e-05;0.103740173054074;0.453620933904259
1.34620211626905e-05;0.00210090275144467;0.150432816297927;0.00154892483391044;0.00137400155038411;4.45329145829736e-06;0.0504234881395582
0.165246193875075;9.47229975117151e-06;0.156575193565743;0.114678017119771;2.65334057964465e-05;8.4501415820346e-05;1.84135705147497e-06
0.00613413138471657;2.14865458381026e-06;1.51050856912286e-05;0.000144156029551067;0.000824024140176345;0.027023952820733;0.0022362687369903
0.00465289237554758;0.00545180758534859;1.23372461876234e-05;3.07564783629491e-06;0.0015942454673173;0.0717800083073297;0.00289146082459169
1.31055149692842e-05;2.46317991861122e-05;0.000291933390831899;0.134692490233796;0.849123104628391;0.0154822779761607;0.21176111278658
1.40659382727029e-06;6.16803189470495e-05;0.00167949141705633;2.6888123952853e-05;0.44646888319148;0.00645612701632648;0.00749116504768851
8.34169691960651e-05;0.0415422365780349;0.0076385524010177;2.8758210023743e-05;0.00020867519377736;8.30136461008031e-06;0.00778356945182637
0.00803676603245761;0.0344083836127318;0.255129034052633;0.97292557012225;0.00285422556893185;0.000389402530592548;1.02943298281504e-06
1.05567461727722e-06;0.000971003060758393;0.00131445702238191;1.70860293404904e-06;7.40645015125635e-06;9.21616627318446e-06;3.52129568077677e-06
4.03590669714718e-05;0.00630467426478315;0.00995424338664165;2.94046533033107e-05;0.01263056254348;1.04777120100109e-06;9.97515249982605e-05
1.5472493729532e-06;0.0195406535021998;0.206034541954227;0.0117971363190025;2.39076520886286e-05;7.00336102631775e-05;1.24750358272185e-05
0.000994780425882658;1.81791030457197e-06;2.22524880902812e-05;0.146383603581051;1.70901705248438e-06;1.94620410748052e-06;5.51229775601882e-06
1.77902921298242e-05;0.0116140789089421;7.32248950314584e-05;0.848073435976919;0.00072989653540975;0.000142775967079658;0.00222164676856693
5.81720086705142e-05;0.0207745640060058;2.76371282912546e-06;1.03103331572699e-06;0.00900551097088045;0.0739118476656457;0.631493824101068
0.00143939796905361;0.159729071466706;0.000217666893704789;0.154234210645637;0.000663805569748854;0.00047157481976063;2.40595707340681e-05
1.92555481941536e-06;0.00083635368180667;0.00864278224047489;7.15314524871769e-06;0.844674698486428;0.000485599420308569;0.0547485528688394
0.019309232665246;0.0013092370976642;0.000337570830786056;0.00142925311841054;0.200472338433327;0.0976694393377081;0.00273118157022837
0.477211303241729;0.0738059376687233;4.93025456269846e-05;0.226629682193512;0.0942022908844478;0.252077739711468;0.00328052533101356
0.0141944075110743;0.00023569711353944;3.03476323477854e-06;0.0668097019707855;8.54759039710985e-06;3.99154037993708e-05;0.020623138385652
3.51995741628143e-06;0.0882560441312882;0.294220243248048;0.00438156334340274;0.00488258798848981;0.000591689884230384;0.000339933845496488
0.00048471973598531;0.000773353108725818;1.08219774027947e-05;8.75015821060279e-06;0.00826804389284704;5.0756796644747e-05;0.000420643547930109
3.39588729570646e-05;0.149406846298821;7.51719264201431e-06;0.00151058445315113;0.00577018944757769;4.24078626953098e-05;0.783347145842822
1.85351213190867e-05;0.00226941132997033;0.000842352092385185;0.0133360827629132;0.018107489376108;0.00170235791629413;0.432996799340973
0.0442651210825172;6.66642741088477e-05;0.710622642563412;0.239485198025901;0.0146742816660316;1.14627449795523e-06;0.000265770364562159
0.0566310653846538;0.000157746558189381;0.61329397853467;8.72021544215716e-05;0.00559492890892678;2.79941109261369e-05;0.0883516304979529
0.0316238529845959;0.000600505974313497;0.17591838681731;2.68475945070906e-06;0.0741352906229283;3.68529007638071e-06;0.135404015353885
0.000301776798701565;3.11925486701164e-06;0.11826081594887;0.0175885026491524;0.150822984091698;0.318471506574446;0.342403465551665
3.82646078660173e-06;0.00797300443215654;6.68258180971929e-05;0.784090924257452;3.56721742803595e-06;8.2485798913321e-05;3.74694914804155e-05
3.36939411760441e-06;0.00128146312791689;9.44693504928944e-06;0.00501399789856873;2.20370735640049e-05;0.0139382162624629;0.16664676435662
1.57474951779857e-06;6.01736243538288e-05;0.000134959748544406;0.0819658124312141;0.00267426788591463;2.29088503055174e-05;0.0664072799181694
0.117719738443411;0.000621069983740252;2.34194897125531e-06;8.31578113102204e-05;0.00522671038007668;1.78536854575631e-06;1.19488309240941e-05
0.00552703407587893;0.020931152635389;0.000340617225515561;1.93788629273495e-05;8.30490210697706e-05;7.38486909942718e-06;0.102615135672583
0.774588756999364;0.115224771340906;0.0353756371294136;0.00174912297825761;0.00358911208099742;2.83952135862108e-06;5.76719353763519e-05
0.0233077991189415;0.118566848694578;0.127931214935463;2.3087330106952e-05;0.154116745134201;0.00019030382491922;0.0157288925939149
0.0744894260428376;1.09649600830617e-05;0.000495553984122213;0.00381741555444683;8.66312340476928e-05;0.560144693721803;0.00174541550427716
0.00253530265452232;0.00132877917572233;0.00415054393179401;6.47352247874594e-06;0.00684699662415057;0.000250409833593257;0.302392231697013
5.48523724324342e-06;7.42843338330199e-06;2.21266260198074e-06;5.51085467035312e-06;1.00488801903933e-06;4.47343598547548e-05;0.00698134733719084
1.87484125777597e-06;1.12153209272356e-05;0.591726061641682;6.96117638478009e-05;0.000243040111266347;0.0461763923553562;3.23352337887823e-06
0.00680952386105556;1.33853306079681e-05;0.000143661485103558;4.52968866974855e-05;2.30807976613164e-05;0.00636551282164704;0.000225450360631954
0.000651835680864122;0.0999269773022293;3.86693243792043e-06;0.488118801881671;0.00505946384328849;7.29707716736909e-05;0.0104134818287202
