1.2611824656576e-05;7.63363573735243e-06;0.00323577459000367;0.32069538750798;1.49129558940583e-06;0.0481267935872664;1.52709087236682e-05;0.401649829655962;5.81653621673667e-06;0.340639018625856
2.49988023845825e-05;2.71534871839919e-06;0.0591489999190363;0.00525204001080085;1.10017118277697e-05;0.000201504278492446;0.128534752934664;1.98900503007845e-05;0.028239574112024;2.35894545612713e-06
0.449108809797833;0.0117468614155822;4.014384949778e-05;0.000136729973664395;3.48929709962596e-05;0.0147512316237761;0.00129021022997975;3.45964229027671e-06;3.45707662656908e-05;9.55973207670666e-05
9.04481020830532e-06;0.227098730609748;6.5513926034353e-05;1.36554988011676e-06;0.000127282280880748;3.01912084778795e-06;4.78991654994177e-06;4.87433555101217e-06;0.29544883345712;0.00018392764459188
2.0881778840906e-05;0.993956698530637;3.95686947876642e-06;4.8654634960821e-05;0.244190233607369;1.73534645986781e-05;1.04418861304421e-05;0.00138411671679644;0.00233113567285311;0.100367791092901
0.00953242426528935;0.00144057215034711;0.73735908923083;4.00918084357683e-05;0.0882808613699468;0.783860932965037;0.396559448510379;0.00745415768709365;4.86312355882916e-05;0.000150051897127496
2.55926757826246e-06;0.00200167929749546;0.00012715987226254;1.29641250237367e-05;3.1595600074779e-06;0.394498868263121;0.331152487284373;0.000588708507428097;0.000117956585119536;0.000626534919060002
2.7330755681109e-06;0.00842501541215442;0.0544568163374829;1.25800348552284e-06;0.00668593637475429;0.0425758548193039;1.68683707923386e-06;0.0294759117093321;0.000103884673402072;5.34475694672367e-06
8.28322985787864e-06;0.0689495540807192;0.000226548203180684;3.43847983178048e-05;0.000309132077539316;0.235317222515242;0.0128642201666684;3.31628226686444e-06;1.1842347769081e-06;0.00210682242788388
0.166121078760762;0.0097477496859923;1.17976666951629e-06;6.63965545296533e-05;0.0344438913101802;3.79438535655165e-06;4.64836478177603e-06;1.2847734370968e-05;0.371197408250545;2.77303784979274e-06
0.000641520109052226;0.171880774320281;0.305114656015067;0.0514335840802283;0.875478194122357;1.82318363845895e-06;1.05035703396191e-05;0.00187625381810299;0.0029801670662994;0.331910027005513
0.00280376333749059;8.22740066083974e-06;3.73162111666359e-05;0.0346986013596121;0.163673734877113;3.33645171383563e-05;0.000190065034255835;3.73836554264616e-06;2.03952704436761e-06;0.00412289808142785
0.00114036139564675;0.029546306259569;5.75922936132757e-05;7.16426280518399e-05;7.16629329492079e-05;0.000723088579777892;2.95701704226415e-06;0.301587227982488;0.000192481675978641;2.54896154746675e-06
0.0642932669688586;0.00336486321513826;1.04732086455407e-05;0.00353856733004267;0.00188964925006374;1.31675593795835e-05;0.120238814772385;0.000111799627454653;0.0725057111587333;1.17545189271839e-06
7.77216867673794e-05;8.56932207448069e-06;0.00260717360072926;1.47630774044977e-05;0.00105133651015054;2.74657446460728e-05;5.22886369431125e-06;0.27602955478902;1.23758519432197e-06;3.35058801408099e-06
0.00299564053535111;0.353007857862384;0.000419891696454369;0.000104887078404197;0.00977604933641789;0.00219195839218189;0.0108271518654308;0.340265404193435;0.000758306135087939;0.175230078018402
0.00389554594365135;0.00661842083446749;0.000607382308900019;5.26137976040669e-05;1.19650187602953e-05;0.358627223964678;0.00216645200790096;0.0264708671251298;6.15479539594995e-06;6.51414533804784e-05
0.981855510384424;0.606582515284196;5.01811414791211e-06;1.07131402068571e-06;0.0354031329258388;1.47220064242088e-05;0.000640034790281862;0.084062351331457;0.000215884359826882;0.139237523245241
3.23387757631309e-06;2.07435181453186e-06;0.000442962552711439;0.000237018101239799;0.00304199075731366;0.00429844709829244;7.58633404235154e-06;1.17253305111555e-06;0.00134702592259901;0.237759966546963
4.55890629105631e-06;0.0663665536953176;1.25394632866282e-05;0.16244455098808;0.0230761371793845;0.276289692779385;0.000241602979124708;0.0102561401092736;0.0389850763645714;0.00153282458496576
0.0135785544150791;0.0182015888262585;5.35299234391735e-06;0.0615683888406857;0.00163349607103521;0.0013152294481044;2.0089729845709e-05;0.232354536358462;0.205359470016014;2.56502081908977e-06
0.0139128678761918;5.83163097696062e-06;0.69010777423053;0.0278827275224466;0.0157323562749043;0.0038175310714372;0.0112069570527016;0.00514921729681914;0.0106024816880157;3.09697793227673e-05
6.97993687241323e-06;0.00021819206613236;1.82222410880329e-06;0.000785366581880695;0.000935852414663954;0.12979745681426;0.000870872905493756;4.43193855609381e-05;1.13072779223047e-06;8.13381306193639e-06
0.000552755449899944;0.00752128937730961;9.32985649960941e-05;0.0006341959913808;4.14717505414822e-05;6.21057310067703e-05;6.80067572076143e-06;0.00347057284754659;0.117661836475663;0.0265713491455873
0.754975826761326;0.00782156131852139;7.29856487316579e-06;0.416966276890528;0.291626749495144;0.0126866697882534;0.00034381777943041;0.314745570032961;0.0024603023318754;0.0319698921180623
0.00241346278653744;5.66858789366405e-06;0.00116561933366531;0.0134511073636085;2.59964387397455e-06;5.37709549100824e-05;0.367630013586099;0.0143955603593766;0.0873461203995211;0.00275013882279459
0.000224045880191953;0.000897310012045614;2.4227302090712e-06;0.206662969324507;0.000113089482908729;2.63911677931322e-05;3.88531632522153e-06;6.03870917218892e-06;0.911513015153308;0.975340568208387
0.0344388852752788;1.53404466476614e-05;1.18281014363484e-05;1.02670316171532e-06;2.67896692363663e-06;8.84023709117429e-05;0.000265268928765756;0.0136304769205126;1.75734585236464e-06;0.0113373893705588
0.108118401155223;0.00896226915071478;0.0184977012346046;9.65778022938627e-05;0.0222489580957926;0.000850318893172009;0.0704706469066528;0.0068211498568353;0.175071597583669;0.000244053865715948
0.00424998053862316;0.000424237323480305;8.44968476866164e-06;0.00843186906419351;0.028012992326317;1.50242971629278e-06;0.00423859125369747;0.0101676649171038;0.000605138923389345;0.114966255102408
0.000362993240810826;0.924773066198054;2.15599237775501e-06;0.0066896716184384;0.334882181058707;0.000219365139836749;0.00512822821469108;7.3717401308621e-05;2.83944887678608e-06;2.69316102668241e-06
0.251137904894578;0.492374187372938;0.0651516987076948;0.232947405170674;0.000786966823843034;0.000101303627901817;0.023412807004751;0.0369101020891125;0.000800445330618546;0.423489902497663
0.000770207356190936;0.0249253736134423;5.70321521205901e-06;0.0065348148290398;0.00619681055255466;0.110752260796206;0.174547697612894;0.309640063544381;0.0846079362849041;0.09388355367026
0.000802194341157254;0.00253864125110147;0.000351051816698391;0.0370601240434662;2.33269386895318e-06;1.01463773794008e-06;1.1225719652087e-05;0.00250323195649949;0.00249099074033062;0.0252806697388193
0.00021741503803026;0.245467964293345;0.101864305148295;0.00393409010614748;0.000777533981752175;2.35763736437277e-06;0.586253229692841;1.41112136575018e-05;0.144071702185326;1.03533125831153e-06
0.125978721258579;0.0589750414552132;0.00291922934666097;0.000892311944246684;0.00234553188125691;0.000165816454788891;0.000143350444101958;0.00360093309879364;0.00256795613351966;0.433521674543012
0.36456201439864;0.00301003098360946;4.40891174647214e-05;0.00796509398299249;0.246266324393382;0.0323305849528917;0.595286521548006;0.0453426159880403;0.00149837404301518;0.124186475319575
0.0172114393728303;0.393804570626453;2.65204994627277e-05;0.387542548280311;0.000130634016352147;0.000437855977152105;2.52270295971898e-05;0.00508439856664046;0.0113068251991085;2.75402500340449e-05
0.0623991489345076;0.203370079739635;0.0255309070402115;9.09495227551055e-06;0.000223172738067099;3.73279044525994e-05;2.91783957784048e-06;0.0360529120259087;0.000482367078345675;0.490975184356895
0.349681917950213;0.0129835053874777;0.00111653766924175;0.0024147394572462;7.69016053128067e-05;0.00656239844514826;0.0920176985933374;0.0421164921727235;0.00733342449268072;1.27680560478513e-06
4.96038976977923e-05;0.378269267502339;3.46723604462391e-05;0.000306566171626997;0.61564159328392;0.0348578629111529;0.000697473415946767;0.00409390158971094;0.133794651612218;5.92522435775996e-06
1.97860126444208e-06;0.00645815768245336;1.61961865033594e-05;0.000574886178157916;8.30132450531705e-06;0.00520920728661608;0.000217043499377334;8.19514493102203e-05;0.104494283277932;0.657911109813935
0.724235855941414;0.000117868199628517;1.03508777528738e-06;0.000754237367894612;0.000144600597552283;0.324824549408251;0.000540520362683506;0.0610498406862838;0.478703743566972;6.32378143350387e-06
0.15891333116755;0.00065750295172446;2.3821257929737e-05;0.326151475018338;7.55507375998012e-05;9.08259092623325e-06;0.159025787816311;4.06883251426008e-05;0.0131698310224036;0.141174694206536
0.0807910505559394;0.00103734658246064;0.0109311466284683;0.917682078295271;2.82209170608929e-06;3.92563170362459e-05;8.9957439537807e-05;1.10166997783011e-05;6.48296362975843e-06;0.307433518664382
1.14359557117518e-05;0.170032443007758;0.0052979329647657;2.00437900134142e-05;0.000477114383794457;0.404224347944781;0.0187306853205419;0.518174002675902;1.26242126848463e-06;0.00171597351849529
0.047499027678097;4.69543012105195e-06;0.0336997037775489;0.000674297027551685;1.03763732074749e-05;0.000198157674363647;2.61397042006179e-06;0.00575653239337072;0.00720212027090728;0.00174643735019091
0.000685188908247981;2.63171507541568e-06;0.000110381329007215;3.04313946103885e-05;0.127256437348207;6.49462121711342e-05;4.04849297518818e-05;4.19975523833527e-06;2.57297455132182e-05;0.00225631394865577
0.00349835339860268;0.000124288904170485;1.73745819825306e-05;0.0399658043705662;0.748772049662845;3.64879880224378e-06;2.72036402935902e-05;0.000356840366385736;0.00277286982138518;6.04331716725882e-05
1.11694603109387e-05;0.0647209662281313;0.00442617329521489;0.0191484540132577;2.43875582685065e-06;0.495137743092021;0.386405776666179;9.41315668925705e-06;0.000725065987606936;0.0149536633572868
0.0281911785653402;0.0450016766611253;0.046454317968932;0.000383944719409987;0.054859497978504;0.0359007236282724;9.31189671062633e-06;1.5884042289923e-05;0.00972030444179027;0.000512433619493731
0.0125143064085786;0.00178809831492845;2.98827832326784e-06;0.00167985923116774;0.000501442488141356;0.000454408078757319;0.00468885764084678;8.31055085497692e-06;0.0364510861607082;0.259696199290789
0.00575275513673182;0.794211696785307;1.49589868480545e-05;0.000264131691168416;0.0501081281652038;0.00560027107853074;3.22240320110466e-05;0.0482840791629766;0.0204512857781004;0.187981658524005
0.0429195681037481;7.71058075875928e-05;0.00303789037591611;1.52697803041536e-06;0.000409549159823347;3.56223460619074e-06;0.0225507234134524;2.51456001915609e-06;9.2514006572128e-06;5.51156550722406e-05
0.182037493435778;2.46685017473091e-05;0.000124674130789837;0.00486416843975195;2.9593883718192e-06;0.000362224953997019;1.63059280004091e-06;0.855433370882211;0.000450426990054292;0.252044147629704
0.0307343396873862;4.53062370450536e-06;0.0220821311065969;0.000212864244814607;1.39015346472658e-06;0.96746437443155;8.1484238458124e-05;0.000309469144542289;7.49440570302937e-06;0.00935146340073778
0.00525854102567424;4.37368285685743e-05;0.000209143835579688;0.0464920571863373;0.000584792539197495;0.000178074688267606;0.000645470519367043;3.40251749418708e-05;0.0432072699136323;0.0550731759250832
0.0738374425670755;1.12989569330764e-06;0.0063168401023432;5.87182274687268e-06;1.89372652205279e-06;1.62289085320949e-05;1.46515889387994e-05;0.00191424380132345;0.00186631404479013;0.00105720278830617
0.0342816570524924;5.01173654534826e-05;9.06295747851385e-06;0.000193809756128698;0.10984288249093;0.0502318231934464;1.4819340903119e-06;3.27995469128392e-06;0.461738605486936;2.01092339014987e-05
0.00120615508681072;0.868429827483279;0.00074182651823639;1.35889284821257e-05;0.0189647874929902;0.00296580616655058;0.000235909492497859;4.29327207640789e-06;0.0320158410513069;8.58717863103607e-06
0.000232473532636893;0.0813889019295854;9.96666793648316e-05;0.0362030080057193;0.0650277112487264;0.0036840886552198;9.287408577338e-05;0.00847197170909732;0.00420799675567238;1.76590122564202e-06
4.52725249995206e-05;0.033032305510423;0.0170841594572697;6.29702455420773e-06;4.69198214030058e-05;0.00207032977284596;0.235125352088362;0.0091806049596695;5.12588566163778e-05;0.00719784688510066
0.380061820239006;0.000197865300622946;2.4651112683343e-05;0.210528990447258;9.31839161009127e-06;1.26564384275689e-06;0.466291587811556;1.50411112150263e-06;2.43625755971373e-05;4.24068782739779e-06
0.110308363261634;0.000177355327470546;6.16637876371431e-05;1.46935279844043e-06;3.7719437542647e-05;0.0379811878151476;5.19093037349388e-05;6.94151434217778e-06;0.0751267488344249;0.0425314694140931
0.000105512653980574;0.567962159638409;0.0191788903745031;0.000157619625303801;6.98185221788782e-05;0.00605391065412057;0.000118144640816405;0.000988675306455588;0.684036581788314;0.000585564599262397
1.62398144983476e-06;0.120680767942419;1.56293982906781e-06;4.34225824770782e-05;4.7282382749754e-06;0.00251327441245539;1.42388159331432e-05;0.000152210555901219;0.440501565036043;1.24111472675777e-06
0.00137903094969384;0.698961907637415;0.0143720569374886;7.53458707336312e-06;0.000171386166264969;0.000121250833770868;0.000503480522122873;0.0172909928592382;0.000289121200583408;0.00311550520445725
0.0847085417245858;1.91922048203538e-06;0.0390208064896157;0.071393017536048;2.47140679639254e-05;2.32648136109377e-06;4.33067401239784e-06;2.76986336606305e-05;0.00088239847886445;0.80632160232227
0.000203175700855444;0.0026699552449774;0.000231933913608667;0.075524559344837;0.513110840689235;2.56963917025153e-05;0.0819753515262897;0.000252571384435743;0.0045071803985468;2.5784896172816e-05
0.000211237430119911;0.000173114198627372;0.0895271512990274;0.0037569511257637;5.45076771248025e-06;7.79306768079623e-06;8.42441240797533e-06;0.675918734808428;0.542721972220932;1.36169212651148e-06
0.625925613912583;0.000128025806970879;4.31512580577058e-06;2.76539167198113e-05;5.00646314445515e-06;7.61960581964218e-05;0.244215002759608;1.03778950517586e-05;0.000227523654857267;1.19285508042779e-06
0.000181755719907987;0.10797754085574;0.364919579925056;0.00011158626834075;0.0176552171704614;9.47184555420044e-05;0.190731357715679;0.0214145517009193;1.36945745700866e-06;1.43251732112481e-05
1.23421274082523e-06;0.00112517785576305;0.183106962394543;0.000304772544551352;0.000269496949912131;0.00143939467086098;0.00331496283410213;5.59091598934078e-05;0.450323697201001;0.00494624735944044
0.00155587494464394;1.00012465383017e-06;0.643991348273669;0.0393324054739399;0.00748253146243895;5.6181775413235e-05;0.000289472680122513;2.01290977956947e-06;0.125971911634394;0.353095093328594
7.99316599810516e-05;0.884367476289703;0.000152682870375725;0.000165902380017951;1.27298901086566e-06;0.01913985599274;0.000273280707866012;0.000664988082443505;6.71523777606575e-05;2.24619507273396e-06
0.00189984606834515;4.36030073337804e-06;1.94765902277832e-06;0.0973917982252108;0.542219596279212;0.021470118003212;7.65456889533831e-05;2.25615118122538e-06;0.0117186292823513;9.54328310436356e-06
0.00177637413733576;0.0140362712464588;5.56823206615201e-06;1.23534582737685e-05;3.75281432069292e-06;0.166329909976193;1.13513511530604e-06;0.00871480998695008;0.0497349813130988;0.587453463129113
0.000128568318521171;0.000463729582765118;0.0954635471681638;1.73028967275398e-05;0.000845380873501245;0.251185618840446;0.110934045871907;1.07391781431892e-06;3.44587794496232e-06;0.00125433756635549
1.79326083867945e-06;0.131783161178373;0.00353181227650242;0.192232130191135;0.000891208517089644;0.000782043609147889;1.09678840730417e-05;0.0225112988168074;1.31614950943077e-05;0.737171581695649
7.20749303713538e-06;0.00397896856117307;0.00448090097045816;0.000176084076607871;0.000124753521080893;0.00483253113615345;0.000441101275061013;6.84395632287032e-05;0.000102080316505349;6.86417523037181e-06
0.0073648180356235;0.00139902925542609;8.83658957782482e-06;4.72073941676089e-06;2.57979436167814e-05;0.000502849146428118;0.00184519206459197;0.0037269512178192;1.29178405781774e-05;0.0500845916602152
0.226726111044893;0.00372436296589259;0.000537642195778511;0.598236137172585;0.0267687299041499;0.0888943337703314;0.0599497353904562;0.0435668448407812;0.0423686569365056;1.62773603004364e-06
0.00377508761189155;1.21726388397064e-06;0.286267932731966;8.61550733501385e-06;0.140895315501277;0.0983886505185368;0.759508776708121;0.00278755698565213;0.0576150188614153;1.23865301684717e-05
0.093479779988672;0.00124654890460638;2.49053350832337e-06;1.01021860452448e-05;0.00338152104866081;8.509894271537e-06;0.0403930998187385;5.68307807005211e-05;0.000301187857393329;0.835404494755507
4.86394072733419e-05;3.10403162297997e-05;0.99487726948949;0.00293355017906299;9.79365029916441e-06;0.0779930616566031;0.000201376504250679;0.69947874794398;0.727937718932028;4.10388666149788e-06
6.15147969910608e-05;1.3468826467607e-06;0.0269218059238596;1.50654899787023e-05;0.00118200639483002;2.20224867050986e-06;2.03108299610889e-06;0.000101743270444795;0.359638645875826;3.50773847612518e-06
0.000938081377620513;1.58021410773407e-06;1.43113286681923e-06;0.000257123403436448;0.668187930738419;0.0009338819979766;2.10642384005739e-05;0.0821150233497579;2.81455119919283e-05;0.0577454720370686
0.0957773031173291;0.138816865954483;0.0789064835614047;3.61710951305851e-06;0.0239893218442054;3.14529872685292e-06;0.0214860310198943;0.0151554652577201;4.69842649412112e-05;0.00052896438944755
0.000284836190191441;0.00527933039933121;0.0711800100007241;0.149630182263826;0.0130719943847793;0.000350155819450455;0.0159034333063609;1.25018677222057e-06;0.00064651711854514;0.00287737224867852
9.58935439950548e-06;0.00466871285004507;8.23167408366778e-05;0.000138250129566751;0.00368510159612322;8.65915849848191e-05;0.313789510978114;0.00064910564906938;9.9358928960309e-05;0.00136278969860788
0.00483564054175033;1.94705468685575e-05;1.48261734763911e-06;0.142384533056901;0.000134446237661835;0.00188076583574058;2.28386771862571e-06;0.0170875376447843;2.09786743759612e-06;1.75052866210548e-05
0.000601131427770361;0.0420114000117248;2.38217648832345e-06;0.803142452556019;0.0510215058366341;0.11814410394222;6.49706428902765e-06;3.95484136663396e-05;0.000462359434724198;0.0468299593285698
0.000904355735665234;0.0156146476405672;5.47885963221831e-05;0.00204730245849654;7.91582004369171e-05;0.558360451145952;0.0956667577061603;0.00304614044254852;2.87080947869874e-05;2.26614552839795e-05
0.00980376201847706;3.37216010854002e-06;0.590843621944338;0.00101155302371849;0.000371693415122842;0.0152400359031202;0.00296203898908759;0.00611298595196678;0.000165466532742011;0.513424727339446
0.0174073495146476;1.02929760393238e-06;0.0161225715529648;3.21948977582681e-06;0.0061400395796353;0.00322542280366304;0.115560588256472;4.39255158618489e-05;0.033254090366373;0.409919227417592
0.958967538128954;0.0254708090569365;0.00205676204310215;0.221036803740864;0.000111076139321958;0.000106510877606335;0.000112006652289885;1.22368688022979e-06;1.19891909863431e-05;0.000108391180461042
0.0462342914828412;0.00111579747861311;0.133280623923883;0.000121246328162872;1.57980203205625e-06;0.909268017633893;0.414521790903725;1.50567505448249e-05;1.78565829704039e-05;4.74485312874427e-05
5.67063884394974e-05;0.513734392322924;0.000280203503285176;2.74691766750823e-06;4.25719551709128e-06;0.120466232396637;1.76857668717687e-05;1.00713004112925e-06;0.0810007427474886;0.000857408561655557
0.00264606282425115;0.411371470150282;0.000967032929749858;0.0339340320613721;9.89845091838618e-05;0.0439384400254431;0.000313124946979289;6.6967639355118e-06;1.56706560883175e-06;0.00244364887729592
4.83265788781682e-06;0.00029867481856048;0.789878071485449;0.00927291777264965;8.71257309286186e-06;0.000586153332622989;0.650638698441501;2.29902917942304e-06;5.89459029131383e-06;4.46984907004794e-06
0.000451811789238382;0.00426936870436397;0.0365231027625198;3.63337470584175e-05;0.0255919883647484;0.0470684203466135;0.00011311082002105;0.000230087482030551;3.82307529881968e-05;0.00329767364857011
0.547362350673816;0.0432022009032786;0.0404385243989812;2.84981920340153e-06;6.15000142947501e-05;0.465659457929329;0.967390995245651;7.99444793255527e-06;4.86718881107462e-06;4.41885084032058e-05
9.6967898227385e-05;0.000445586554669023;1.46329667506304e-06;0.0169180665028099;1.42611461596956e-05;0.000216467280399883;0.0165625001616555;0.00103865526588788;0.000551805634705146;0.00361542117467888
0.874137984160644;0.00192552103162421;0.0207307573153879;0.0582404941427;0.251262744011779;9.65760783266496e-06;0.00885654811936936;4.20750973444992e-05;0.00652545159872721;0.00845244012357972
0.000535847262042265;4.19182264625005e-06;3.49939739524102e-06;5.5707536374137e-05;0.0103664061580204;0.000515998064681961;0.373047771271795;3.474826470414e-06;2.29652363858073e-05;2.8089087250313e-06
0.000108415282256806;7.65245599403754e-05;4.14521956316851e-06;1.32122080683147e-05;0.00178433595248015;0.361741773291708;0.686155203042383;6.56620632644997e-05;0.0127728667985025;0.000126581799351648
0.00242965387108563;0.000271302192659856;0.0431944828266626;0.000113491346772106;5.37006069472627e-05;0.0395742026732334;1.31199535957277e-06;0.492203026785245;1.49683521412286e-06;7.36986654241593e-06
7.54223055484879e-05;0.430869939664945;0.0513018334762417;0.0803300033358278;0.000107197723772194;5.63356770518754e-06;0.119093385637725;0.000484102082573922;5.61678906260128e-05;0.00129012590477459
0.00105051498971456;7.14794899185595e-06;0.0735886871628202;0.00133275378479901;2.52789436075872e-06;6.64495763019311e-06;0.0036392629722534;0.000549141620063687;0.0401805511898988;6.73658456151097e-05
0.410572268593651;6.44302978320294e-05;0.00185327468255617;0.125097427189714;1.49547352870157e-05;1.72693973368199e-06;0.000106867062481776;0.886420687788266;2.39658539239549e-05;0.000368537789191365
6.10389584359043e-06;5.50500975917581e-06;0.00952761612711349;0.000832995224664785;1.12129976693802e-05;0.00155174750896849;6.89279236355602e-05;0.10769913752872;0.00436360268642127;0.000456398883247201
0.000195534576430646;2.56623565929155e-05;0.321937452106956;0.00125036700072601;0.000176093677416938;0.0678367352107902;1.65830946983426e-05;5.35441228719952e-05;3.30784391659145e-06;1.37599690392697e-05
9.17131869653507e-05;7.87528089276114e-06;0.00145759001378847;5.79937123479595e-06;0.00330848190330689;0.507080959662861;1.26869348681731e-06;1.78201044406574e-05;0.000265111272882782;0.132662723948897
7.75672423058625e-06;0.0230195012010043;0.45304823165053;1.13639300733017e-05;0.0641803612803438;3.04468838640432e-05;0.151267986173706;0.0352987915242114;0.0411455906934076;0.000309666302499651
0.0330846696351196;1.02342586300572e-05;1.26245436473844e-06;0.0333371055827763;0.408229198540938;0.00468706862311572;0.000105116617392513;0.000596085184132744;0.000236506681884891;0.000134995111125935
0.00163356274286927;2.95152095228256e-06;0.407294567342643;6.74598956439476e-05;0.000658969264585926;0.013444663789098;0.000222234643739109;1.54918820895169e-06;0.00167735011341692;0.0463335542353514
2.82541130751608e-06;0.103944012573348;0.324519950651585;0.479889914308224;0.000445884543390292;0.00197033004446239;0.847979684112087;0.00971820771424585;0.000578091566883859;0.0271368393753081
1.29663729217642e-05;3.88625295009839e-05;0.000160957331619196;0.00145623611350069;1.34521286823125e-05;0.00174543791188155;8.52271932659469e-05;1.85450230339225e-06;4.29628271730692e-05;1.78336965633939e-05
0.000830435234701035;0.00871528041820029;7.74643915369142e-06;2.57536836750338e-06;0.0319987462363353;0.000111461134948554;0.25482095951039;1.87680332176593e-05;0.0272846444972773;0.00014713604101283
0.00591611492475501;9.478925197893e-05;0.0320557481975164;4.41142209798535e-05;9.53737229643447e-06;0.000175045880459722;5.22378197929217e-05;5.17566840001368e-05;0.0210329038985717;3.18473338473921e-06
7.49879670886366e-06;0.000131512822230894;0.195892980332309;9.63522541496333e-06;6.51575987754357e-06;1.66559721533235e-05;0.00198730820593654;0.0140331204937409;0.000845161590230687;0.0042650170656545
1.6909394875439e-05;2.92227141651364e-05;5.6181652065787e-05;0.173997490957405;0.00101630356931679;0.0657970640802213;3.36620787028306e-05;0.076437835062786;0.00110794396163999;0.00158812519889063
1.65856796733145e-05;0.00485988287794743;0.299352956297705;0.00106220287571423;0.00945959836258949;4.43163947812615e-06;0.187388079879942;4.74247679687755e-05;0.000319376999745317;0.000353040702461876
0.177725393858208;3.69070829250266e-06;9.57321743536013e-05;0.0011493102024886;0.000255537209010064;0.000554694810623967;0.00258393586636494;1.41819692155517e-06;0.000388435930406768;4.16150699406018e-05
0.0521627510786037;0.00838616498821633;6.3729119156161e-06;0.0015608905210808;0.000383452844835598;0.0841051039608169;0.000101658705491507;0.000130110392115774;1.26184682594324e-05;3.48855311774164e-05
0.575929592231201;2.41502063454681e-06;0.0111099378169862;3.77811501877239e-05;0.931962345667119;0.183614346106345;1.90006888337866e-06;2.91055343452583e-05;0.395448576872913;0.00132753050315324
3.44655172685045e-05;1.41183812784559e-06;4.81347554149482e-05;0.000126291612964735;0.024782601993668;1.6779712859909e-05;6.0323577891696e-06;0.122923820857948;9.45779394471271e-05;4.9585634562453e-06
1.08525240866879e-05;0.0091633543566023;0.00175173943414797;0.000206419476972767;9.51470464587896e-05;0.270822287412791;0.000939667521686607;0.00167274107336836;0.00212288907042189;4.38539520311993e-06
0.0898931958941788;0.670557631607545;0.000316394004970373;0.00138359278865281;0.00288401639920015;0.000310382392827755;0.000455819770362538;5.71872242693474e-06;0.000241362893303618;0.0118676022047456
6.81531814214844e-06;3.81685069858038e-05;0.395190325131015;0.455437944648685;1.34234809560111e-06;0.00703529787097913;1.023479527638e-06;7.59289199961071e-06;7.5886067220685e-06;0.129190699357391
0.00057427590353336;0.00692459009796559;0.000611536405161063;0.000477468814968501;4.65294523679723e-05;3.62376244405233e-05;2.19547100329544e-05;0.00230219195531535;0.000534941437544709;1.16331263097601e-05
0.698555945785277;0.185203954060446;0.492202213520737;0.925632459756566;1.05771546179743e-05;1.86742508122034e-06;0.0197291862287762;0.257756470292061;0.0144463972025219;0.00742552096755874
0.000313625622084341;4.03121817255975e-05;0.00253098422490362;0.129472000531263;0.166753391470238;6.85243376973037e-05;0.000133209064511738;0.00620073255396952;0.109106730518266;2.07220433576164e-06
0.302493313902813;0.0768054083328807;0.0839720660403756;0.0116121861660366;0.0110432396234109;0.095193051295817;0.0525447471661638;0.0666119974843094;0.000251507816379982;0.29769658796881
1.46496104435573e-06;0.00102723800235402;0.000853096286382769;0.293435404997627;2.39141689335314e-06;0.000137703886367687;1.52102126977058e-06;9.76733105015769e-05;0.0134633290788276;6.28756924398652e-05
0.100010730876797;9.14253569528639e-06;1.34962438465857e-05;1.60338035099989e-06;0.00106543922059575;0.210265136078643;0.311304864610737;0.222920029146386;0.0079444232679148;0.00474685762788132
0.000157794506541573;6.41444394364556e-06;0.0126836207232919;0.000156519793111069;0.105189941847938;3.4625063996925e-06;5.55333710375636e-06;0.167982629116636;8.19904959346043e-05;8.3600523949555e-06
0.000326751593646415;1.29261315034046e-06;1.60926273078e-06;0.0100020542223789;0.000162539449139012;0.0028387362626275;0.000907430188815455;0.58462940130894;0.000338527289997169;1.01452648941253e-06
4.99345012439863e-06;0.00115170473588141;0.174243624946462;5.7356218440855e-05;0.718407767948945;0.10736722379412;2.08795445053727e-05;3.75376860392851e-05;0.338342119792742;1.13599439781799e-05
0.0771260859321061;0.0107984654328016;0.0422187087844679;0.0524255080256996;0.0767903219455629;0.175488992859308;0.000371625242207856;2.41086245550032e-05;1.15718707967314e-05;0.00023283257761135
0.00105738661175218;3.32628624745322e-05;0.00316964418970634;0.00098169422398875;2.09692242095276e-06;0.0186453387800476;0.987606102183032;1.68865828810718e-06;1.35077590206528e-05;2.16999614631382e-05
6.32181952687849e-06;1.62160452134943e-06;0.00561091169555184;7.37443087564093e-06;0.0113643703907014;4.63680864008896e-05;0.0322338149348008;0.000138396381515146;1.23487398301923e-05;0.000289578665886664
0.0222460641923129;2.25532207133926e-06;4.5551918617714e-06;0.0870958552953659;0.695033558066515;0.00840750895478068;2.2123632495905e-06;1.26035806730987e-05;1.13642767036399e-05;0.00583686480045866
0.0077013695432128;0.724667520277667;0.00708555450860828;0.632316613555089;0.000287732441076632;0.00189350135259413;0.00528249703800095;0.0124511807955116;2.07516780168502e-05;0.000843849845397057
0.0404363018334;0.00013485219610512;0.024681250843721;0.000811644796667042;1.86521111982171e-05;0.213117410320596;0.000196647340100069;0.000242879391270828;0.00939382825057387;0.001132796970238
1.0703083529245e-06;0.00351035048606663;0.0291419238239425;0.664054806995889;0.000900807845441353;0.000391549005310349;5.3656196222135e-06;7.31598204617661e-06;0.987183784614098;0.0160136332455567
0.000190023548776593;0.0142434234459025;0.00246209563735887;0.396153171463437;6.55423982584288e-06;0.00825192609051474;0.0687863041241153;0.000184304423596962;0.0237007289529386;0.000651372139760721
0.0270405391488891;4.92299919111465e-06;4.38342485924222e-05;0.871365899365496;0.222187523067835;0.173444469527001;0.00994496403070743;0.00075194224849875;0.000953891151796626;0.0063131718761813
0.0119715443709437;0.0485719482851243;5.12940146228167e-06;0.0127189102226805;5.20956181527248e-05;1.90996645196374e-06;3.08012418589017e-06;0.758772261834147;0.553184473549326;1.31540941070133e-05
6.00556198559396e-05;0.00504253970934863;0.0174493385806689;0.000694140682153023;3.39416206859258e-05;5.4916114364206e-06;0.267091353643833;0.0509342295072681;1.65847231681157e-05;7.23721323480448e-06
0.00623631298890475;1.66968136773378e-05;0.0912827858909949;0.0248314871640961;0.556230197246354;0.138378708788513;0.0337793581614699;1.84941467635903e-05;0.00586907493175852;3.27932951238266e-05
0.215153728380252;5.92069305260948e-06;0.129579063535869;0.622402524069939;0.107544909431657;0.000658266052968864;0.00100726718888552;0.127037566973653;0.00082412102673105;0.0107320951636079
0.000619812475944776;0.000106857000806677;0.816674762645192;0.000245240212650489;0.0295768586944697;0.00900412170810049;0.000704011932622875;0.0016183575517531;2.0895104542718e-05;0.00015516234648939
0.945324127376238;0.0169122213438844;1.70464550357599e-06;0.0441334990139735;3.78731987554072e-06;0.00307488546610883;4.19925539990384e-05;2.73367007028158e-06;0.264426910421577;1.41457144943785e-05
1.19471652621633e-05;0.00277380036116017;0.00124417698468504;6.9918592634323e-06;0.00324579204176788;7.29252347243927e-06;0.000163474734621725;0.00204732541041415;1.08846491721133e-05;0.698723612571911
0.288879400829531;0.52667297898396;0.000397400990287801;3.28650707695627e-06;0.0105782787786102;0.000301697057181491;0.00244461500753404;3.01795319734254e-05;0.499166127947721;0.000192793611774935
0.00523172753812164;0.000311706813721422;0.0491943426607304;1.22837316774108e-06;0.000278066134126469;0.000231590263956575;0.00122898506340711;0.00327174717846848;0.000392809713642166;0.000437812225435883
0.000522204292022929;0.000412225783170685;0.436001573228555;0.000410221786418084;0.632236295938892;0.0010460807220995;0.000125740435260702;1.30632359858748e-05;9.74860219625342e-06;0.0167727427271576
0.00141579228103011;0.0221017228155219;1.94053452472183e-06;0.340636039948406;2.871640240224e-05;0.00387787407720717;0.00160279446407144;0.15976906591462;5.58474349001772e-06;2.94984514317243e-05
0.000489489408048034;0.000137484813533004;0.000481315113309469;0.0323805864687327;0.00165730620061607;1.93465380382172e-05;0.000839010879211893;4.48781204710719e-06;1.0456191212642e-05;0.0636100910798837
0.00320607379282795;1.7251588636539e-05;0.145170926387859;2.04987956708714e-06;3.2868951772346e-05;0.0533820807423831;0.0561999576423571;0.000848232255143265;0.000432273507132192;0.000113885546871265
0.0112330872151126;1.43317551064144e-06;0.0149728318694133;6.25081059385288e-05;0.000325633618892363;0.000117647924739668;0.00018014111175658;0.000208749132257543;1.82299445553085e-05;0.000161599837812264
0.000155355995910706;0.267215227184351;0.0281711749759249;3.4246104049879e-05;0.0315116340038707;0.370138059074698;0.872727067263301;0.0193101534632678;6.24002743847783e-06;0.74890594823767
0.000100999704004261;8.2874112889728e-05;0.95689954265213;0.000416032454663052;0.00379928001845082;2.05119601630239e-06;1.30034781233918e-05;0.00108629094520155;0.00067287283981034;0.176089973344022
0.00207301692306269;4.91065156958275e-05;0.190090858684412;2.43138712508361e-06;0.209561548163658;0.00126740622460332;0.00481804007072687;0.000901300145437506;0.184064432107955;1.81004472978393e-06
0.00506932021977568;0.000493340576035592;0.0701152798693028;0.00121578844694882;1.31585846659052e-05;0.000240638192180798;0.161788798024099;1.6974496603884e-05;0.388591414596458;0.775515877070884
0.391885825059508;1.20967164696722e-05;0.00217869886726644;0.00255654794836765;0.00011720903741896;0.00353923087484452;0.000387762561740882;0.0536962560829896;0.0516114277131964;0.104148878120709
0.0283398878596052;0.0238777410375572;0.0057963859673571;3.58537801013281e-05;0.00991879703098703;1.18279170862857e-06;1.92244329534932e-05;9.6469512313564e-06;0.238821849993284;0.000819335756516879
6.65963232033483e-05;3.92830155535355e-06;5.86689760415784e-05;2.26109699878991e-05;0.000347369170439779;0.126334012992896;0.000742220278565098;0.0245713207433921;0.000407903008722997;0.00590114839905088
0.00441307332364408;2.6929008458756e-05;0.543551674709416;1.0504094630303e-05;0.000232907598044308;2.18111990507295e-05;0.437226553670927;3.03072990632207e-06;3.11402529578685e-06;0.0181296944386875
0.00259777451867155;0.000316691919186508;0.00612671558504089;0.0560203125637945;1.2962792725639e-06;1.40318685465596e-05;0.0622641627496321;0.0269715844022334;0.00101049968524404;0.000109956854332581
0.00340440032130048;0.0864002868269377;9.03341278298604e-05;0.00471098522217429;2.79520932782101e-05;3.63941656315152e-05;5.84350185104314e-06;7.86029136577345e-06;0.000424567716646159;0.000983315960456403
1.42268996741361e-05;0.000165350666508338;0.000203864959917099;0.968345509322923;0.0329600014984521;0.0221147034337084;0.100608085674141;0.434641774532148;0.809944821169261;0.0158023965994242
4.05023455918169e-06;0.178563627127275;0.00107365310794791;2.29687842984486e-06;3.69617966810054e-05;0.000255956760097536;4.82084527880968e-05;0.0683648416415323;1.45861251239596e-05;0.000549223199784263
0.00100351528637598;1.54071747045287e-06;1.8558399507267e-06;0.00771290942055312;1.76985059818871e-06;1.55079785235191e-06;4.52901234283589e-06;0.0311255699424639;0.0254363089224644;1.43052725068244e-06
0.000354228721513861;8.89904457932961e-05;3.11150611037466e-06;0.426417343950022;0.0145159749635715;0.00474426246376174;5.99993590174202e-05;0.63852482797621;0.00010704354948362;5.17358032070154e-05
0.0020228890614624;0.027450443513616;3.00091992089915e-05;0.00300946900390711;0.00926853431708737;2.8758210023743e-05;0.548871682895158;0.000935727707126794;4.60446106464071e-06;0.0236092029381454
0.00286196469112731;3.68773652491667e-05;0.0855223483337983;0.000103630666744286;9.00323880188304e-05;1.05827388416281e-06;0.0042027163490938;0.0393750029084034;0.00617655610832015;1.08803069541256e-05
0.134775236994932;0.000686357370047447;0.00171673196645668;0.358047889039838;1.86922961609554e-06;3.17693445873533e-05;0.745445784590877;0.000223574719068024;0.000619821243906202;0.0109375372192624
4.18369788335898e-06;1.48231015481843e-05;0.00228002724447492;0.648300860176217;0.472647023455756;0.000194673355637638;0.00140618286501391;0.734052684308441;7.37178145183505e-05;0.0910706795646271
0.442071415473242;0.0752915774287629;0.161878206777351;0.00418150546459956;0.0234521724810278;0.00123875315159398;0.000127250283270754;0.00223066041342683;5.00335481551973e-05;0.183085989054535
0.000589759586858275;0.207354784242861;0.422213308067491;0.00163490647758918;0.213438469886758;0.000277018236126378;0.132042597489034;0.000417223832040837;1.89749607216933e-06;0.0401221287334841
0.000410953212299305;3.80347630599428e-06;2.15794758659054e-05;0.000125184513942418;0.00179179316041133;0.01708267534553;0.81356072207308;0.00286189417601827;4.11620545368569e-06;0.0232642729955483
2.59584143040792e-05;0.257260224477288;0.0036792984337639;0.199994615257796;0.912777471383126;0.000125634567333363;0.000195008910655096;0.388829041442815;0.02632392066173;0.000333204395515273
2.80602348871449e-05;6.03766960398095e-06;0.0327579555874013;0.000173006119240543;0.0001411024309712;0.304749776349172;0.000871198801612317;0.00766221376420844;1.0620007270861e-06;1.08852782362843e-06
0.00831464482877124;1.66395097728132e-06;2.5962992984645e-06;0.00547693276444731;0.000531795254203092;2.7584972173786e-06;0.00627522200032193;8.40717482198474e-05;0.12248816950067;0.000379659618711742
9.85123553768898e-06;2.31407715885127e-05;0.0345387505480642;0.0605363045053563;0.000958082204272782;0.202066446985995;0.013674587415922;0.32730547365578;0.0177979711598045;0.00263060523469404
0.013401240793041;0.0147635252853441;0.216494259442262;1.12190030320656e-06;1.2941822318488e-05;6.08013495124193e-05;0.00317317233283544;0.993180724019799;3.26481245875488e-06;0.00056370368598724
0.205345261730795;5.83527941500434e-05;0.000103727319369267;0.000199360466533753;0.145639331207715;4.94944896963798e-05;0.00151108408116485;0.00555272994375385;0.015454491925147;0.0182793139641261
0.0386962340081929;0.010104788195166;5.91281883375948e-06;0.000336563239452292;0.00640050982639753;1.43223664839514e-06;4.04126502672253e-06;0.133447743274921;1.46185864315485e-06;0.0070798652907441
0.00224115388531223;0.135404015353885;9.810380390352e-06;0.0907926853702334;0.388008170725411;0.147648441967538;0.00133803517090456;0.00116699926463581;0.153651976663438;0.08685548846619
0.0146427283513418;0.00051635012226838;0.0023679167356629;8.17202301627702e-06;0.0288655066781896;0.000107072464519503;0.0290771484246483;3.86995677778436e-06;0.0159694856858942;0.000428730270153987
8.61298957239874e-06;0.0525057901712908;0.00388863235840998;6.04242799814784e-05;0.233026960536618;9.68733370565928e-05;0.0037122118084931;0.000216373917979796;0.00280545491906746;0.112257584132765
3.06795714249238e-06;0.000484329074062839;3.26270214145509e-06;4.09169308653666e-06;0.00407594613336826;0.0765117048647995;6.81279648844182e-05;0.212076302099747;0.00992643137959204;0.000258384588944763
0.0815320366134807;0.000144322657641872;0.0752216406658349;2.12427835367617e-05;2.91790527411885e-06;6.8793254379075e-06;0.0150211876122146;0.000629245828533807;2.87731242237533e-06;0.000347732385392648
0.00334938079561738;0.0854085337952384;2.04156530802315e-06;2.18261192805166e-05;2.14473536298508e-06;0.019945725065049;1.73559151097218e-06;5.01993561322935e-05;0.00013307443408339;0.000772693137203501
2.46088303379213e-06;0.536746768890498;4.58853977742852e-05;7.6612604410787e-05;0.0442485281700798;0.229102490948585;0.0114670792336785;0.0287147483817474;0.0200974362803552;1.58306998131497e-06
1.76462074134385e-05;0.000992134678937618;0.000365759332453738;0.121031170401424;0.0119375497781057;0.00881493183249197;0.0228095999449654;0.00547824217418848;1.1586152637076e-06;9.05658571996003e-06
0.0264126335183501;0.00731342307188265;0.00595227020914439;0.00268953967587918;0.00127180345241727;0.00593848966942317;0.000364012876058356;5.08896076339452e-06;0.00931837860128454;0.779952857491022
2.08569506597395e-06;0.00188726722240388;0.0566305701850348;5.42173304054819e-05;0.277768344614088;0.165716817474766;0.000296842128206476;0.00246663276825111;0.0375966317835206;0.223663936135299
0.00477937482448994;0.00248035561066309;0.84948129907811;0.000281906325226308;0.0303008595437215;1.58808943009508e-06;0.00489277902644568;0.468673764308176;8.42199017150253e-05;0.116520403610471
0.332860614308214;0.053474665064384;1.96204805558614e-05;0.00429095243904495;0.000200059994649928;0.711960981342321;0.000172256388939549;0.0112495251695144;4.13035731430092e-05;2.18577531295546e-06
0.00715179735802121;0.221423465513146;0.276762975999244;0.0179486185107238;1.66462606533703e-05;0.0100929934647063;0.00452027206774721;0.00183305518290272;0.00104393782884665;0.911965757521293
0.423564597525703;0.00316937178728188;6.58753235347777e-06;0.0546376411511453;6.81358340430817e-05;0.00100960134350508;0.671557138133687;6.37744881016278e-05;0.00195329987368802;5.93501427004682e-05
6.94485400654335e-05;0.000398649265125693;0.104770963252298;1.8023410845918e-06;1.04943821232541e-06;0.000751769513284164;1.22436872265446e-05;0.00096994560177099;9.04485988445461e-05;0.000538425964067326
3.24641776027178e-05;0.000355336701547555;0.00124795115900856;4.93771598574959e-06;3.95409889310919e-06;4.90579374347798e-05;0.197116965713189;0.00461134576397725;0.000499217598494984;0.00111344882233355
0.262936598326057;0.286712654870618;0.112461619470563;5.16352161779443e-05;0.00133398811489248;8.84630586001475e-06;8.6315864134619e-06;0.105189454670371;0.00144843553961046;0.00041623368878993
4.27077022951542e-06;0.00290634004244415;0.000184782004910177;6.81645257131349e-06;0.00311492613000211;1.85627639479153e-05;0.00119327141351847;0.0190811036728671;4.56978757909057e-05;0.00432694412333703
0.0101673073220741;0.0567077752595528;0.000251552205164775;5.32537520500432e-06;0.000230283356877852;2.33375172804701e-05;1.08272039329904e-06;0.00391596174366846;1.41076807249945e-06;2.11219177739987e-06
0.00215598297631188;0.0010779658240864;0.000409585409957608;0.00260892121325967;6.96385642824809e-06;1.08732998085786e-06;0.104453365750523;0.0250896014482687;0.196001202645058;0.00026747011819727
0.287950185730086;0.000122457735646056;0.000799524669491913;0.000166645425172778;0.00443380153907269;2.45537494811174e-06;2.95068625461393e-05;0.091927835210164;3.69287288017507e-06;0.00556148063723473
0.0120389686286295;0.0036252526725299;0.0815444010799056;1.87197577210338e-05;0.266799165904289;0.000432235847570064;0.000803586257551405;0.846130885385458;0.000524146723398322;0.0681973176762739
2.85639900898865e-05;0.0681725690810694;0.00149991752585946;1.28675221007315e-06;0.415555924734697;0.000114636288318599;0.0126988385853122;0.00293796925288718;0.00124721590280552;2.89726537523045e-06
0.000115663948133953;0.0310513004113135;9.23679166888421e-06;0.000374945539937182;0.367193453538513;0.0301821530605122;2.83766327689835e-05;0.000122697640828347;2.23405053013091e-06;0.00145393748224356
0.0001169312043931;0.00950870153438629;6.12991628364762e-05;0.168240222532072;0.000299874480038328;0.00949566357415668;0.00396155169601501;2.06460779348913e-05;0.000204062405690215;6.88110038299185e-05
0.172334425125472;0.437354065581774;0.0195410369486737;0.00230951132238287;0.000354297713986578;0.00975739333615654;0.0171840175483079;0.00114239207186687;0.00319977713172505;1.49661181417123e-06
0.836607533493903;0.000576098632125482;1.33622031396505e-06;3.40541950776242e-06;0.0217447752708222;1.28065515219186e-05;0.352477165016296;0.00215680154011371;0.00177484953725657;0.00502954744794813
0.0686812512782076;0.00163655204282696;0.00906348629046205;0.00344206525075387;0.00387410358382798;0.00034103692508189;0.00285284124201413;2.14339228568024e-05;2.21362554078539e-06;0.0444782031257945
0.000748594360820529;0.000892660179681151;0.000129446734959714;0.000912065599056156;0.00141119965328909;0.000211217210736306;3.30188378553405e-06;0.000164410642812161;0.00069589303760533;0.00338459468941311
0.103899930311201;0.338134756824347;0.0299667951210652;0.00984855724635244;0.0913973209371855;0.0567333679932192;1.79364308306956e-05;0.341819308943579;0.232906986492047;0.00468308262757385
0.000123914587724608;0.263931658037485;0.000107833846454561;0.00228812971161965;2.93491010922862e-05;0.000269840284757778;0.0173379276931622;0.140510586553038;5.31193153404298e-06;1.27783029991475e-05
0.00707954677275832;0.00178362717796506;0.0137919429166094;0.000275870348686807;0.140007201946708;5.75411262744299e-06;0.0271780732427268;0.613733476808283;5.36261557941693e-05;0.0354640066137641
0.25693367022045;0.00165952807517887;0.000264933870369427;5.01422008000878e-06;9.66320361617699e-05;0.00244803744193838;3.60657579477986e-06;0.743945274424377;0.152306151580513;0.00808983583467383
3.42675764575116e-06;0.000103562948057299;8.7874147793395e-05;0.000577234550723195;2.71489663995785e-05;0.00334253998888045;0.0667785756285854;1.35920005441684e-05;0.00355025499051391;0.0758156327036646
3.16006063565826e-06;2.56949770896387e-06;0.0242516898245754;1.94307823993604e-06;0.488939553274311;0.60262556870504;4.38243414549456e-05;0.000290309206452427;0.0680267066226227;0.000470924640714671
0.0161169953110461;3.34487261341295e-05;5.19132063222539e-05;0.016630948460177;3.54588378133685e-05;0.00061462333236881;0.0423626489712702;0.0416773994233186;0.000283674615243057;1.52173906551916e-06
0.000294010141657741;0.590466281299443;1.80323561332997e-05;4.42825350580268e-06;3.2317711962655e-06;1.99194340315182e-05;0.0479518146273662;0.0236153851557523;3.58282734318218e-05;2.48515301540544e-05
0.000280005894115606;1.28984775649726e-05;0.00188928203366533;3.89722533758032e-05;0.000564340425302089;0.00147889354452006;1.15960295681639e-05;1.82136189835884e-06;0.266468292449777;0.0342532658463978
0.00410988126849874;0.020279376387567;0.00714281043881013;1.0804995205051e-05;0.0336204135933733;0.00503126927778152;0.0185218752763761;0.000167271444456395;0.0186950272803225;0.0542408831899411
2.21066155779509e-06;0.0174816993071568;0.000245761300123976;0.000503997281764831;7.7887020182803e-06;0.430255077297652;0.00378151586363315;0.00276842833859934;4.99838737589118e-06;0.00609845294652618
0.153791201036998;0.000549765178221012;0.845385813586208;0.249239699034353;1.57351438117914e-05;0.0179857076691942;4.92623703017365e-05;0.00343596274843434;0.656973447501836;0.0719637708430385
0.677326963159205;0.000535227186245498;0.0620729355432315;1.85507844136525e-06;8.14619482475127e-06;0.00040334387149266;3.90483294072341e-05;0.129987037340051;0.000124990118817204;0.890388424485996
0.00037367006215207;1.99868141694349e-05;9.27045665625235e-05;0.300492095074639;0.652014295876011;6.36772153466644e-05;0.00201708539010948;0.00591007699363807;0.10283855231941;0.000889402411029682
9.94193847851517e-05;0.453472362455701;0.000172499325795518;9.33755223606157e-05;0.000249570532953295;0.196945750792629;0.00662284019286195;0.000524470391248387;0.00413080988595198;0.265792395576195
2.28836980910278e-05;0.143015984014984;0.112976170408643;8.33539252838438e-05;1.81698713351343e-05;0.83142100166283;0.0293145453939328;4.58324096472217e-06;0.0711577211660719;0.030731581008461
0.00186386625421702;0.0502270034717698;3.55711417705236e-05;0.000553734764871553;0.350156741466792;1.16350877549065e-05;0.839609957778006;0.000389805034597404;0.0251417657125053;1.2843686165901e-06
1.33301036292044e-06;1.1441800332583e-05;0.0962756359414713;1.19489843605031e-05;2.0442286959708e-05;2.10757932782652e-05;0.00554237780404133;1.44525881742719e-05;0.0540255646535062;0.00260616085450213
1.4922120485128e-06;0.616967015684573;0.468287072810878;0.0233130134015433;0.0128500748579527;2.25962089572811e-06;7.44558676699836e-05;1.13084093875133e-06;0.00827836009585694;8.48708462315171e-05
0.503102836811807;0.000248061533078655;0.509891558336903;0.00211161227826193;0.0153589241523551;3.23559436516289e-06;0.000577895773358859;0.000113072845917605;0.00861849674471908;0.164039326334574
5.14399986256049e-05;1.55390544929759e-05;2.07555442303498e-06;7.87466392467204e-05;0.967576955340242;0.416567264183237;1.30907359964885e-05;0.00129817084101209;0.349277362813351;0.606465916500218
0.220457015075349;0.000111836037311474;7.48612257964303e-05;0.0437525993944732;0.0672337512115118;8.09093101995995e-06;3.11995666448134e-05;7.44851914905269e-05;0.297895068926841;0.00104536358106738
0.00229126189617526;0.656767545511503;0.000178112789469823;0.502258998552789;3.92334929482113e-05;0.220234395521998;0.00719452780091789;0.00217325977571361;0.00116912208008106;0.000386956197888843
0.132227112869049;2.79114374615127e-05;0.0228037382358831;0.00131282242643028;0.00793359447103717;0.0256540812480705;2.79568120356562e-06;0.0948226006844104;1.40036636660025e-05;0.0293584654591635
0.0383341574256269;8.00380382673291e-05;4.12200837909676e-05;1.14065173500472e-05;1.81076542577439e-06;1.02125606190025e-05;0.00572186164229989;1.21252846472244e-05;0.0240703667889529;0.000105603326991282
0.0204882501166578;3.61719096217725e-05;0.0469880684248437;0.000181360345488808;6.35947856299801e-06;0.00037272976883663;0.00339969592516369;3.90433661051682e-06;0.145048046040273;0.0289847579569465
1.67931101931213e-06;0.034113454050036;7.42615180472188e-06;0.00206830005276423;0.000155074894325859;0.0143431507610787;0.00117812357778824;0.00142599879874634;0.00467910535693874;0.135463294114038
0.0186448433526438;0.000678629195097127;0.123834325827471;0.107584878234821;0.00116199575302766;0.142174341968996;5.93742022639497e-06;6.24784986025262e-06;1.88126999571377e-05;0.000283681587694146
0.00217473059926757;2.14522135951504e-05;0.00519799242533161;0.00560822194533377;3.11271403937362e-05;0.00445253625698386;0.53704475143326;0.0326261721501476;3.01008383622316e-06;0.0393847875645073
7.56738100136019e-06;1.83069335053992e-05;0.00432217699141864;1.38666477660807e-05;8.9526441846236e-06;0.00745425260694737;0.00650715592027989;0.440208595432537;1.69644522835815e-06;0.00102626735205308
0.000121140976907115;2.19315517478338e-06;2.87521451821665e-06;7.63121072562615e-05;2.72122540100705e-06;0.0023837317903968;2.34020252171698e-05;2.42812247388435e-06;0.000182775628145217;0.00666807247502217
0.0106983914010231;1.04781816006892e-05;0.0311301667038821;0.00449157299716146;0.158761370547066;0.00139343637123923;0.0302015625212622;1.92765469371328e-06;0.00158875191741152;0.000736895599227286
0.000891741407974134;7.34215927332411e-05;0.000698504810951258;0.000963843399482842;5.59358099306847e-06;0.0446985056883511;6.27664955418031e-05;0.000330476265527637;3.5585311827442e-06;0.00387934663101346
0.114979506521502;0.026066598632188;0.000146344174936128;0.00597076254135218;0.189121239747163;0.0827480069224125;0.00025528963541771;0.0706658028711197;0.0140736733850825;0.000749071925495952
0.188858016431791;0.146633153641066;0.35909098165063;7.75739701500003e-06;0.327835147311534;7.00149562715554e-06;0.0248965856085268;0.00695992753433031;0.0489963513165383;0.000120457687071757
0.00400441646372685;1.40113729891522e-05;1.12874340485989e-06;1.42990921068448e-05;0.0855259834178008;2.60366314428581e-06;1.81519353630453e-06;0.00406504253165417;0.00880704035362001;5.30129115292826e-05
0.780746487786393;2.64997902947345e-05;0.000140583161905036;2.10339142334432e-06;0.000547151927451564;3.44235362868126e-05;1.67949256297286e-05;0.000199438313734623;1.55758718393524e-05;0.0703414369849093
0.000310035727293359;0.000146462968631607;7.11146058769412e-05;2.05028606478166e-05;0.000105751025392039;0.00106882280104225;2.54823195018206e-05;0.000341959340376884;9.57665119147267e-06;0.00445422067520447
0.00274540449781625;0.949610515801125;0.0214608383348363;0.00618729533085772;0.00130549524019016;0.295888569254393;0.00827533384747491;0.00110319444947392;2.6708486656588e-06;5.10586080972802e-06
0.863987027438814;0.191021811499967;0.000306559137702575;0.000921142768258201;0.517468145064847;0.00270508921041675;0.00985497019795179;0.0776091978656998;0.79141385225535;1.54641083792218e-05
0.00043735125216201;1.58528501511248e-05;1.38677782447603e-05;0.00579505629334193;0.284770553887827;0.00117024483758247;1.86451379949806e-05;9.0832038583284e-05;2.7221760510567e-05;8.31050024198206e-05
0.0557141288942615;0.00561733929658669;0.549367738440029;0.0772941942613081;1.40220969997166e-06;0.0511685961491877;0.00400993074029163;0.000725065015513832;0.00373300320451697;2.11849518752431e-05
0.491309433527322;5.65495318217013e-05;0.0115581035203345;1.56405386403945e-05;0.00530375549241875;5.27746699092677e-05;0.00107339927462707;0.103639979679867;0.053229650573256;3.96225897132592e-05
0.00566828922455613;0.00520119901622339;7.75870062604896e-05;0.000769029770088318;5.67448717869244e-05;0.0216994061048332;0.0106809949758798;0.15138614621293;0.00141464684255102;0.000125717709827145
0.0198549589396749;0.000258894061861161;0.0119703760846929;5.21637396410293e-06;5.83061187162764e-06;0.000809426441249851;0.0792373563380913;0.000502525724664899;3.73212400097443e-05;8.87513432124022e-05
0.00094625932391825;7.09967363949355e-05;0.00686894683928875;9.69806720027328e-06;0.0135451794075783;0.286028400817272;0.00077075675760579;0.0109987654150273;0.0193092035815529;0.198316305063805
0.00148879458803367;0.200179876577735;0.629848885664811;0.119024989156249;0.0015006789586352;4.28563186013885e-06;0.00765796348581752;0.000194175073329973;0.019107727123198;4.65304601984008e-06
0.0660484962324955;1.79310286836854e-05;0.0526730105373848;1.5803179752206e-06;0.000430070157186314;0.123626949505144;7.93644197609298e-06;0.000391875643714384;0.890496729312959;0.0012174001829184
0.14246767880377;6.55378408414073e-06;0.0079286519489972;0.000852028164997022;0.346807245285628;5.34208993918202e-06;4.14499630221734e-06;0.284146483326525;0.0583234825730044;0.0589327893434925
2.03061074764579e-06;3.23351189128212e-06;8.47950145835072e-05;0.00302803967745486;7.57064897770504e-06;1.34901574836442e-06;1.09121187503647e-06;0.000367410568717957;0.0308391544741547;0.000177366114840766
8.67549122167267e-06;1.4902335943089e-06;0.000676542540443865;1.20631686643105e-06;0.000457258563835815;0.00138419001854868;0.181185132098894;5.97050100631795e-05;0.0299696830413868;2.04558893310274e-06
5.10542871377006e-06;4.48151126413945e-05;1.31248334439039e-05;4.23799261394085e-06;0.00299366751724539;0.0127795600239432;8.57811450403835e-05;3.60076726558029e-05;0.524130196772379;0.000161304191099984
0.148422951985557;1.08198700733629e-06;0.0549772701972548;0.0301956226410878;0.00202035532581837;0.000952245112691311;0.000594259033486276;0.0882917629357341;0.0610901190172696;1.86030709287362e-05
1.47918905697795e-05;0.00473541559181508;0.00298992907633059;0.0265296985083873;5.18607994565579e-06;0.00764346132387772;0.000495558157016062;0.00818224451894835;0.000356081054612235;4.60448139476889e-05
0.000259409054155216;5.38064673426503e-05;4.95222421205553e-06;0.464774815916271;0.0464774857227916;2.52158033463205e-05;4.45944102120586e-05;0.0727250901705658;0.0638462695961676;0.00310137986365724
1.14919514581563e-06;0.0159668893795277;4.72919526164103e-05;0.00180980281423235;0.000359869794145447;1.16519766064005e-06;0.28381349362656;1.29905535316884e-06;0.000109854766219713;2.28207698765742e-05
0.049490486496298;0.00453460784620125;3.290197563912e-05;0.00199393708483305;0.000711878679515834;4.89924532839716e-06;0.736266833989241;1.03243429043163e-06;1.51362946953482e-05;0.284446876837788
0.00109898015164841;2.05525108639541e-05;1.43517460718487e-05;0.00749126706549787;1.59858473666699e-05;0.000145267124986536;0.0256183548066591;0.956450856565314;0.18929816288929;0.676339267420766
0.000230954314440605;2.90462250937692e-06;1.13579445371037e-05;0.0104373785807823;0.00213527412890207;0.0581520829319329;0.000356985998926807;8.84705927042364e-05;0.0147013035076744;0.00528320354273472
0.0107842428860258;2.17498279597876e-05;2.96739864836044e-05;0.185886284912911;0.00208795516195597;0.0159748541053168;0.0009712678069608;0.000115978675881012;0.0966436943812381;0.483938868021273
9.30077648611413e-05;2.80571180066308e-06;1.10495724944182e-06;0.00052373409950516;0.112921837423402;0.000134728614525795;6.5100358466063e-05;0.0122657532347988;0.000176955257918616;0.0515135841027876
1.99486971753226e-05;0.00432926544406919;2.63639604161844e-06;1.64893816914519e-06;0.00600114061585099;0.0054214871838391;0.0118970789785432;0.53014362334326;0.0467896032339268;3.19298731039206e-06
2.34632365668124e-05;0.000230174109763935;0.0154638704001013;0.00627386311992299;6.07643494008967e-05;0.0118387922681776;0.00308837145603911;0.0337729938069485;6.0241963138318e-05;0.00866442756275938
2.45554594205828e-05;0.000817331901001217;0.00038414695506686;0.00703782895192396;0.000183325207855632;0.0294871953876513;1.77997704886143e-06;0.456972978182395;0.000245833068284624;0.000174726340363199
0.00123179343988303;0.00169349661435845;1.2034549140812e-06;1.80754550968354e-05;5.91608217407515e-06;0.000695077697156681;0.00191738311227297;1.18376419916981e-05;4.48602724085949e-05;0.107860448881337
0.000339300865477543;1.44683009396894e-05;0.338728489709185;0.00108922180772242;5.10690850452451e-05;7.78397140169999e-05;1.01098755922083e-05;0.00439048049648285;0.224531412767898;0.00214762861712207
0.123360498174927;0.0136166517738641;0.0133987733969272;0.000442631680945405;0.0158863042518214;2.51462485980385e-06;0.00236710876823899;0.0699095447711178;0.00518387296600331;0.0523010405312108
0.000461880753276153;0.00688247031191131;0.000155420245691256;3.26425722258193e-05;0.000973191962118984;0.0543568226322588;7.92039577122695e-05;2.30359574984212e-05;0.000126487252475933;0.00025818011086733
0.152019093778514;0.079800187284386;0.663176830885573;0.00184144942454325;5.38062146898138e-06;0.0635563863860781;2.36865168115686e-06;0.00658672018280926;1.01020917848147e-06;7.20352857487922e-05
0.000415376912944019;0.897533963196827;0.000195123773379979;0.00280075816953736;1.23909691896733e-05;2.15793660164054e-06;0.026622195188802;1.33045581318945e-06;0.165206683925428;1.6562760444309e-05
0.000855535165843931;0.000188753705853715;1.54582303290602e-05;0.000599673179829878;0.000121671829952647;0.263106281694953;0.000207965512916542;6.80079154819106e-06;6.890474685841e-05;4.38793811831851e-05
8.60905452714339e-05;0.0012119237298771;6.95186512851237e-06;0.0138467574470245;0.716830526254583;0.00077882642806311;6.67982723311474e-06;0.0130814862566189;0.248651291971364;0.0165961591966469
0.06017105895231;0.244232213190492;1.38752096650605e-06;9.2218241070913e-06;1.72924488114316e-05;0.000833184614331682;2.31740110083242e-06;0.156441073975642;0.622844737657227;1.32221561516299e-06
0.000721277819102888;0.018854697965003;0.0605590027630204;0.0108870603980417;0.055290572735166;0.386579393574939;0.246711857103282;0.0203492292602624;0.0230007701009471;0.061984270566653
0.0211398892880433;0.000100328002019917;0.264237729720983;0.000495178891802167;0.0719137180092941;1.43370993953653e-05;0.0475904147513756;0.00010835965439987;1.82648516757099e-06;0.00160707681876228
1.73341376904912e-06;3.41405855380008e-06;0.00153842847417938;1.32203093265856e-06;0.00021722981582784;0.869380769888843;0.227195763049966;0.000270103000811375;3.20218202077834e-05;0.000709511788243061
0.000795147373401929;4.0574395433344e-05;0.745441549015272;0.000289301542153567;0.123665499679176;0.309166012039837;8.07774022478793e-06;0.809083203798405;0.678035836991458;0.000249646666006493
1.04950312182008e-05;0.0133723636212237;0.000564706938686012;0.0688006695024487;0.00145808682188575;4.62454792912689e-06;0.0390394052470133;0.369493719118326;0.00125009443644207;5.07026238767406e-06
0.00777601053650593;0.0721178110019973;0.00639104478171031;0.176401648039418;0.0572508506236989;0.0107171172512801;0.000997392367451784;2.60955797312646e-05;2.17767179549188e-05;1.89042866204317e-05
5.76756124817019e-06;8.93899268779236e-06;0.000737657266031469;0.000109420144346644;0.00869493027959061;3.05051894634613e-06;0.0144060106078747;0.0863386370446817;0.0102902736776545;0.00321223755461895
0.00125367667871421;0.000326947380453732;0.0449502741229368;2.91300694917674e-06;4.96142710034431e-05;0.0077393812185869;1.34781260900656e-06;1.64974540614207e-05;0.120253986690804;0.000677996804275237
2.94661494298757e-05;0.00078693733906051;0.0102445814591899;0.020431631946548;0.0205337670975389;4.0617616675239e-06;0.000168953859871367;0.00158754309079119;0.946839994534716;1.92722166125921e-05
0.000392559716721092;0.0362655142856918;3.62527303831907e-06;0.0046442104258718;0.000191260317948645;0.624427477950284;0.0245497672978594;0.162073197004274;0.0907519550981254;1.97040809694983e-06
0.0163804501445422;5.11609801689054e-05;0.209373929856863;0.0214628262466322;1.19319642086344e-06;0.0909121678285874;4.70758255456421e-05;1.13090443328669e-05;3.94397867600554e-06;3.88701535043008e-06
0.603389660670612;1.20074363409785e-06;0.00160108418671324;4.55607804051244e-06;0.0762004407591028;0.0253393658859155;9.88386467406612e-06;0.00236952194636126;1.32648823234137e-06;0.0223226315264326
4.17210318440281e-05;0.484379851529257;4.17452512946091e-05;0.000115930626414921;0.00194238191901221;0.000126141574807509;0.0736978465017032;1.62379432610923e-06;0.00316843011277181;5.73987655776669e-06
0.0372526402378459;1.72721370772716e-06;0.0201151107412827;0.541553124043859;0.184444432875708;0.010471147913529;2.50879772142761e-06;4.34554902391542e-06;0.017295155134253;7.55065559405362e-06
0.0869490538260231;0.101836513528922;0.000469444458072537;0.000465592590465106;3.98317017987355e-06;0.0020418496741507;0.5127555137668;0.89834284153791;2.7242000826627e-06;0.000215235240223623
9.23558688752689e-06;0.0103797297482352;0.00357984077125981;0.368482415504742;0.174121691396844;2.65201294362706e-06;0.154264168988231;0.000187121896350403;0.000760206046968222;0.0978701645942184
0.024398601063685;2.84200239055791e-05;0.225214462169977;0.157154057390296;1.5173812099428e-05;2.03029708364647e-06;0.0512971086925107;0.000281286786443337;7.11145759448328e-06;2.78393720780519e-05
3.05030856493963e-05;0.00338745565758214;0.00914570894293506;0.0143496013027767;6.60329123222974e-05;1.60911611594708e-06;0.00610278323385414;0.023255379927821;0.709655082102871;0.00218529313357458
0.000133240624857817;0.000574979741779687;0.000528984941760629;0.140233647488449;0.302370835284601;0.000900315471322608;0.0409486660050285;0.237730153494256;0.00128308558929865;3.17779554726449e-05
0.524633235956787;0.0106426985869014;0.219267702868888;1.65885432441451e-05;4.58587898609512e-06;5.99492179786341e-06;0.00113887073157363;0.0020741789058205;1.75883437083123e-05;0.0130005502147055
0.0409477776591405;0.46620942405146;0.896607854301167;0.000456999551942841;9.91086465465099e-06;4.77202084239076e-06;0.897364218411898;0.271979147032132;0.00014959448859045;2.43120192301355e-05
8.83041902107292e-05;8.67933270406986e-06;0.0641966623308303;0.00032209102053236;0.000333024881962666;0.80401265673834;3.50091411142569e-05;0.193656229838267;0.112359152682137;4.81297842361966e-05
0.00369772887211501;0.000194265821430147;2.09438290615595e-05;1.42389373044435e-06;1.68041299681939e-05;0.00215904070936964;0.0025428377425956;0.00169168753973624;0.000896842802473871;0.00182920158710971
3.83129277773934e-05;0.00585927299416425;6.84415010344534e-06;3.7040064396019e-06;0.000639693735287912;0.00311567558783159;7.15753482479928e-06;2.11475171614765e-06;6.18199904797327e-05;9.06368725086678e-05
2.12847433555554e-05;0.00615186767089411;3.3197055062722e-06;2.57944956723361e-05;8.48518219043581e-05;0.00229118601441159;0.0311246905538917;0.0647207821234514;0.833928016858121;0.0437519200648603
3.01668476883741e-06;0.123118046789883;0.387492156613489;0.00523703717412096;1.59999941214365e-06;1.09417107319291e-05;0.00127397416763335;0.185635971007453;5.8474988972294e-05;0.000226747595445941
2.64353346849044e-05;0.292072722947535;1.71768892551246e-05;1.8980848899936e-06;2.02981017765708e-05;0.00711515197999648;0.000608538529669487;2.15766024940965e-05;0.000129647145738382;0.516461843390886
0.0251206331550454;0.300633471348764;0.191920274763593;0.0112287887857809;4.87308641788228e-06;0.0022471939425573;0.000148144820321657;0.0202593081604605;6.54434807585057e-05;3.70084502403022e-06
3.8856076541886e-06;0.000458176008801585;0.240205778083903;8.08386381183267e-06;0.194693793860694;1.01272966626911e-05;5.04823124876133e-06;1.72446691026957e-06;1.98287580153414e-06;0.16787628525637
0.00128369332109499;0.00230238311104499;0.00282199126373912;3.92558113174165e-06;0.0609630183084431;3.29842009826445e-06;0.00568840820697659;0.118649858464459;2.99252176655538e-05;0.470248326792542
1.55096963376019e-05;0.0519662387746483;2.84109402096876e-06;0.0286445858528222;0.0370167780490377;1.22650866395288e-06;0.124643457014298;0.183239626752685;0.501939093804358;0.000325710357883729
4.70415492584348e-05;0.0385241743651559;0.000679491391937772;0.010495780183994;0.261873417738596;6.22736983080265e-06;0.000663628645797754;0.00046262932768945;3.02621376711613e-06;0.387519455488824
1.6099285277121e-05;0.00281405097888701;1.86892483939946e-05;9.12996640173568e-05;0.00121528618034216;1.06254256359112e-05;0.00499221481723122;0.000155535516609108;0.00225459578017862;0.00511741969668077
0.067124133743826;8.14136916135447e-06;0.371346888563495;0.566351036008839;1.46133180324432e-06;0.0012062934442204;0.0010324833470285;0.025939985109486;0.767765971894745;0.0257471612677069
3.92678964375775e-05;7.02804129271938e-06;0.00120142213441605;2.63882900161891e-05;0.0167745197219933;0.000707571335512318;0.0595471482487092;3.94026812459137e-05;0.000366827837697055;0.00773727735552169
3.72425267114124e-06;0.000736101094688873;4.75750831172658e-06;0.0292588745359426;0.013877845829239;0.0691087785322331;1.15465982739284e-06;0.0146233393148169;5.12908716318528e-06;0.00150894999795935
0.381051019454527;0.00727248750313529;0.000457544927795745;0.00273860782372004;0.000488700691056844;0.0107962793253519;2.24876625195173e-05;5.21479802162532e-06;0.0442966710294905;4.77288613355345e-06
1.14206979125756e-06;1.00347001472508e-05;0.0682644397556977;1.15279946771734e-06;0.00259477237915987;3.37287265460042e-05;3.43434144521577e-06;0.00314729481189273;0.00785789704577906;2.34546610565879e-05
0.0233860421304348;2.52485851762982e-06;0.000915111456265627;2.52388523814189e-06;0.100315987716217;0.00109071241735679;0.000119724438111266;0.000179344996878629;0.00118553789977246;0.000143223254563342
1.00855210127656e-05;1.95479093905201e-06;0.00264036918324878;0.0125704061943417;0.00464338568309214;0.00111985580392875;9.05410578343291e-06;0.421080348928055;0.0121543233892494;0.00987266835657669
0.000344600384469889;0.31422826898051;0.87691768488585;0.00820293584091002;0.000291432013774328;6.14913156947204e-06;0.000548796554717234;3.19563729552121e-05;0.00570075537767495;0.000130355820616192
0.194408433857656;0.00239461350314113;0.000106277900961179;0.00192307314382053;0.0691558704087214;0.0114469257990745;0.0003169670014376;0.000759211854158432;1.55583582670455e-06;3.63300536375531e-06
0.0215992288835225;0.347944343049034;0.0105468437522717;0.0845615487019945;0.00153223126219558;0.149133155269676;0.00600320803909446;0.121316605670664;0.0549561302702168;0.00830560530951272
0.00654274372989394;3.60988212041822e-06;0.341699439663914;0.256655174806452;0.0120592394899018;0.00292211195029228;0.0139441759356048;0.924266480711432;0.211319134941323;3.76906160540292e-06
0.0508589199234129;0.0177314277937633;0.00026568310962162;1.83544207592235e-05;2.01254412954719e-06;0.000424259026237552;3.72858144683095e-06;5.28510802344229e-06;0.000223706344343284;1.1728790684699e-05
1.2778314534094e-06;0.00325584324757062;0.000325076762268803;0.410825003565154;2.26537005767077e-05;0.000540399675010207;7.84538116962453e-05;0.0581265268440563;8.46960691464687e-06;0.0102290871587439
0.279146421133527;0.0321647635853669;0.000224003985446047;0.0479106890492518;4.10206607559908e-06;4.14011725027431e-06;1.99173969681469e-06;0.110324150155174;0.000442208286224882;1.14288598413252e-06
0.242274360758341;9.72396186654018e-06;1.65037643016071e-05;0.000266420036804513;0.785122762984672;0.191652619485245;0.00935919665096806;2.943875447151e-05;0.100662348258335;6.13095331097403e-06
1.20700308450401e-05;0.000716931992601083;0.0020226645668822;0.283925518076698;7.25204335988135e-06;2.40318126229341e-05;0.32243772158079;3.66430211514245e-06;7.72530806352867e-05;0.216501239238885
0.310603409494928;0.000430113317451068;0.0773346499220665;0.0260552430917054;1.05741520604998e-06;1.67461265314547e-06;0.609294768250404;0.0129135828454153;0.59447853675023;3.88199005555073e-05
0.0103473695590146;0.0111720194848658;0.00111793101709805;7.42154198092257e-05;0.376962128802915;0.000319952631686902;2.66854662000368e-05;0.205464408543948;0.226689610124113;0.101927874826644
5.36944338096636e-06;0.021560993213631;0.169831003300261;0.76091686729485;0.000688522004954874;0.0281150039023953;5.86561303969191e-05;0.688630130885086;0.00238284058429656;0.0172304785488149
4.7028665356155e-06;0.330588941837233;0.00384192209056786;5.02424832385485e-05;0.31015300320579;0.0121366972152935;3.02879780477732e-05;1.07529790240897e-05;0.000369861689098225;0.000168709188138971
7.16769107852527e-05;4.21483870459026e-06;8.1015640945138e-06;0.263048839484733;7.28269285474453e-05;0.0164296044204116;3.17776845495068e-06;0.0281924938049426;2.65837709678705e-05;0.000475147092741609
8.11725158400884e-05;0.00154645854786791;0.00132442258919413;0.217725510374017;4.33462711556618e-05;0.000261722830740153;4.22602017544358e-06;0.018035767818224;1.65109937595972e-06;7.91300427080801e-05
2.55244475940494e-06;2.23268225611393e-05;0.0284109838651468;1.75972348279083e-06;0.204755095909501;1.91532574570771e-05;0.0015160553705269;1.9553809323596e-05;0.317662402871816;0.00766718126700815
0.0190800126576045;0.00148202383406292;0.016687862165388;0.00103546581701431;2.09690115347514e-05;0.000157857403135555;7.3576040548095e-06;0.000121820281584475;4.42361655537833e-06;0.960177515263187
0.13953072128021;2.02756391667749e-06;0.00011392996327149;0.0236137603481807;0.00252482036310135;0.0234547077391507;0.00156945679370205;0.0530051328363177;0.638476439079072;0.0064943572407503
6.66247545980534e-06;0.00260737293866638;0.0128692354065649;0.0423755714769662;4.19167281058909e-05;0.105881524360974;0.00208598947132411;0.00533909672370354;0.0124921140751572;0.000406508740532119
0.26569582819157;0.0616832325243174;4.34546288281408e-06;2.94261812097377e-06;0.00111827718214328;0.112981662734019;0.000160655597959357;0.000128724868165133;0.00553630197198016;0.615909172567334
1.31791878990971e-06;5.5473662812249e-05;0.000201281669054506;0.75342187539393;0.00218127406889926;0.000878884659059201;0.201958145717697;0.659281571138118;0.000197329721671751;0.694463860709671
0.0315340606655015;6.88075820392543e-05;6.05231988184918e-06;0.711632450982843;0.00025993935564795;0.0551578460497381;1.55142639724884e-05;0.200007394931927;0.000983307273181922;0.0889940955212164
0.00134568706923575;3.18306735492911e-05;0.00194438826466024;2.13682743479647e-06;0.000317611739448323;0.00266128185771864;1.92520063972724e-05;2.88917085460828e-06;1.01437209318211e-05;0.369430764001499
1.38569990591451e-06;0.00135832490424401;1.15679515507544e-05;0.0033490674447741;0.00238178395197793;0.0286653783624361;0.00354949036837469;0.0555586434066085;8.72525354678876e-05;5.653069606632e-06
7.96983845256729e-06;0.000290135826397983;5.34477496813355e-05;4.68659362800949e-06;1.88434339622327e-05;0.000336695054799977;9.32902685898736e-05;8.70874372653539e-06;0.015276422006247;0.00554527069922553
6.41600294948095e-05;0.000220151595997902;1.03448137694937e-05;6.08440683345684e-06;0.00445571945948248;6.43658969278005e-06;0.00683031880972505;0.175447197787014;1.61364878982601e-05;2.34444510883518e-06
3.16119221428324e-05;0.059990527460087;3.86017656738215e-05;0.00018784216019377;1.1728543483149e-06;0.337267392844163;0.137513063573335;0.114319788482849;0.00107503888330019;0.156093230734415
0.053705532337365;4.25777946556867e-05;0.00328302775515949;2.38069416898554e-05;2.16833490906702e-06;9.88068381126528e-05;0.000132338165190928;6.25903260158479e-05;6.6429965382402e-06;0.0113872095323979
0.0920024885845228;0.547053445877753;0.0047014980281961;0.0152485724299161;0.31718057808839;0.0621790982824449;8.28835431469412e-06;0.372606208118101;0.161215865917101;0.0807005716237607
0.00868786014373846;4.68879398054477e-05;0.00182582421635768;8.97070644020145e-05;0.00701234019316586;0.0338469361803289;2.15717597568739e-06;1.01352789757344e-05;0.000155163188497687;0.0309422623193557
3.58709810092108e-05;1.1885756873918e-05;0.00140998098808622;5.5849982965089e-06;1.22017078247299e-05;0.00032694659037978;0.000182982895931976;0.0957393256252166;7.96494316306034e-05;0.00685006593322259
0.00011099372612557;3.07782372328092e-06;0.00138556948651362;1.23779218333744e-05;0.000102120886577705;0.0787683885537094;0.925594605676611;0.292311031543668;2.1357388801972e-06;0.00297901183346529
0.000245035208512679;0.000273926177952669;0.00553969700289558;1.58771584694161e-05;1.16929694967966e-05;0.00261629542183037;0.000522251074846341;8.62820324740269e-05;6.82391591681676e-06;0.0199242535879252
0.00311858396322332;0.236620543401226;1.2343775388742e-06;3.24473994668448e-05;0.0213814065364793;0.667064948848994;0.00111017173285279;0.000570435359845357;0.000142548728050018;0.0378392066495084
1.9712916416788e-05;3.45609840872943e-05;2.82837157872705e-05;0.308180727695648;0.00474823613041421;1.2227005764246e-05;1.38033217064577e-06;0.25098922254237;0.00385931665354468;0.00377582723930715
5.40311149134858e-05;0.000384358211237608;0.0179735449737303;0.00313904592414217;0.00223672065832361;0.0173837722595258;0.000137490393077832;1.95856755715012e-06;6.31104776281896e-05;0.0813120789523628
1.38976374783829e-05;0.001940964092774;9.99046246845773e-06;0.268038222131332;0.0116488298304188;1.52310606637717e-05;0.489375554933957;0.00800596904766151;0.029484467073895;1.91380077404192e-06
1.19141904477315e-06;0.00018231947173949;0.00016300770819123;0.00024255238866023;0.000468447392656159;1.26524016666741e-05;0.00962060107185655;0.0497376581754297;8.90197299488186e-06;0.00953271806358905
2.33888025817856e-06;3.0132876153437e-05;3.39568428303778e-06;0.000145266739970411;3.29270000272077e-06;0.0245536135885492;0.000471649227097919;9.9837994796057e-05;0.00189318990225968;0.00115164649735192
1.87952889697356e-05;6.20363101648067e-06;0.942170238165243;1.71940333258709e-05;0.985119177834659;0.484419552821391;0.0452185142361299;0.402698423026026;1.0763648063153e-05;0.000965056726931345
0.0179864513383812;0.279783835044587;0.0414303416884416;0.018637704664262;2.43523799492812e-05;0.000130770828466273;0.000723504327308001;4.79552990111587e-05;3.79172310462172e-06;0.0366964804552709
0.000165313897038794;0.000363118914756156;0.00215379657745462;0.837783063618942;0.586379090740645;0.447371377302213;9.58861468867056e-06;0.0166340807891459;0.000273868361020725;2.44361473720486e-06
0.000238580127543245;0.0059434242689589;0.0997100992740452;3.17915472819868e-06;1.40756269031563e-05;0.000286656630062567;1.24308587222112e-06;0.0161924648085952;0.000212403674937168;1.64800361888864e-06
1.52358745639888e-05;0.000154718379760076;0.00100374909068952;6.41194143399514e-05;0.0958020838567512;5.24118435444246e-06;0.000153462453782584;0.0477577535315029;0.00173388777361936;0.0131268348986414
0.000168999069383646;0.772243420550959;3.82986224113207e-05;2.19656421512089e-06;0.00845232737934395;0.000168394911978215;0.215650183364298;7.89955547030444e-05;0.115041506852302;7.28882060561669e-05
4.65235583959151e-06;0.00222438858714816;0.0150466039583428;0.014857390160147;0.0395206056003008;0.979225606805613;1.58521006687843e-05;0.00147390288275623;0.421605841096529;0.0217070634707213
0.00905104644578446;0.0381968604257784;0.769080288725081;0.338490127404126;4.56823905787043e-06;4.07178245282469e-05;2.80095443078863e-05;1.16462814971294e-05;0.00112646419768931;0.27564694974511
2.26229125248304e-05;0.215750360835477;2.32331535936374e-05;4.09277280846547e-05;0.0523454264688458;0.937668325142807;0.27690320418415;0.00124848273160236;2.25814020522249e-05;0.00027929757822717
0.00364712475089634;0.0979559768356417;0.268760397051531;0.59019583247746;0.0384761429186476;0.000152961031954208;0.00168818453679804;0.561274045726959;1.86488393168253e-06;0.0327965422619526
0.0293666442760128;3.52565337920254e-06;0.00273247182080191;6.63425734889661e-06;0.12022030834794;5.71665797448654e-05;0.0363518079614587;0.00118857182018002;0.0164886074263356;0.869443714084493
0.916354422524666;6.90925146842408e-06;0.00105649233085873;2.40592596747495e-05;0.0815740399038541;0.0600085940344655;4.8876504576249e-06;0.00132629247373398;0.00138335575809263;6.45428450527224e-06
5.61311083584519e-06;0.0929564058184665;0.000980727992657018;0.0242592186690721;3.5029409586856e-06;2.22279388630875e-05;1.19966044432486e-06;0.0793354515096619;0.0353305081464837;0.00020443947587322
4.56165199587173e-05;0.0163110693249694;0.00664688645447271;9.93265061251025e-05;0.457404505892077;0.000289704034630382;0.145197948457076;4.70947060788636e-06;9.62270905884996e-05;0.000207712807095255
0.000140782812727101;0.000251473533719006;0.000637000468023883;4.26539315668074e-05;0.000169371189523318;0.00362554550492799;0.000284214014709537;3.48947855723066e-05;4.76577838479988e-06;2.87292933308392e-05
1.01876029174801e-05;9.73628489167527e-05;0.0123326077681885;0.000329962013180731;0.0433082201027727;2.97199056142103e-05;0.000427852222776552;0.00328305519735603;0.00013870564074217;0.0413379423678382
7.39127702625282e-05;0.000284344343338536;0.00815279717793489;0.0888424701284116;0.0412871001865826;0.0389724297672124;0.00842488144147933;2.5477935955924e-05;0.0458797266636694;1.62928161713831e-05
0.102450444814619;1.3797916686425e-06;0.00829435786497069;0.000347891565814864;0.00187953586348196;0.00339457317300907;7.00781723164267e-06;5.27584855307203e-05;0.130198519465276;0.0137269366375829
6.83939329030574e-05;1.87607218295955e-05;0.448707908028129;0.0199667982829832;1.66181774414421e-06;4.67462354808386e-05;0.000329546658371148;1.45956587266884e-06;0.000867612070289645;1.48280735658096e-05
5.31930465722974e-05;8.33517924224668e-05;0.565076838663214;0.0495950921897193;0.01963187530247;0.187641688946226;1.42784537645886e-06;0.00194726377059373;0.0704665811364014;0.000397873501957612
0.000199463574848137;5.16389174622891e-06;0.138784901462548;0.038248854376432;0.000611021801230662;0.343175713161023;0.292458431217673;0.0078470960361604;0.000571635145925973;0.202039395867753
4.41536246060663e-06;0.164482934878479;0.000805729071295993;0.000353431160089805;0.567574446119021;4.96964744300524e-06;0.00169696553629738;0.00030066672799335;5.75298696676377e-05;0.00141801341107828
0.0018131520265651;1.71035888275463e-05;2.02606885868164e-05;0.000539776924087985;0.431239403474207;0.000227928829087074;0.179521136577406;0.558126181166501;0.13953093390577;0.000201083323445564
0.562827061707892;0.414070788079812;0.119348040250361;2.27028432993427e-06;0.0471851430651683;0.000988315495698583;5.64717379868028e-05;0.000679334941830524;3.64190046295056e-06;4.25168952449172e-05
0.000178811730848715;0.000929744752821465;1.29677909157637e-05;0.00953698964349222;4.43421638486382e-06;0.0205931344312698;0.0362620115861904;0.000708482595320415;0.0225938675660408;0.00229506725784972
0.000140223737699339;0.000113029333008468;3.42133792728168e-05;0.000426724920623358;1.55252381647533e-06;3.10814224150954e-05;0.527857715299248;0.00146243059774396;0.000112890781526755;1.44585549964726e-06
0.0127853803354907;0.0122641787318955;0.000167828589600146;3.78951651112363e-06;3.99854496054948e-05;0.161154514582814;0.0214635909534186;2.71613250339806e-05;0.0340267206468889;0.233656153245794
0.00117566350812394;2.47888067360907e-06;0.00231588698832432;0.000648060804353656;0.00722589612051911;0.00181992136707166;2.07561839324458e-06;0.00888154779364362;8.89720146322947e-05;0.00195026537434665
0.000678513884338389;0.185457334541547;3.21702034005897e-05;0.0222588768641972;0.00172072002909726;0.0016277036485972;4.58985924392463e-05;0.0398595758931776;0.00528804457411225;0.000186530191251756
0.0151717990957268;0.112179545969446;2.54300732045935e-05;0.518139933732813;1.96746278933136e-06;0.0133410329897152;7.09095900346298e-05;0.0449350052307323;4.27162941838844e-05;0.0204262198833231
0.237254246652737;0.635163063247468;0.00338416132593598;0.000149258135872385;0.0789176494055549;0.542075602112111;0.000478372306255244;2.61765896380937e-06;3.2939301921301e-05;0.192338986988585
2.39117567784822e-06;0.0405336996290093;0.000303005520594284;0.00901206437312572;0.00109108242575058;0.000183868076461192;1.40335650435174e-05;0.000173687136632024;0.000171845197062908;0.446264544421257
0.120027817237472;5.25602053679835e-06;1.67688162713355e-06;1.03690350059076e-05;9.17471450443327e-05;2.03661552140188e-05;0.078186564593742;0.000105838002112935;0.00499413977419884;0.632907229548239
0.0115455524152245;0.000379383905612925;0.000931430312135509;0.00728062623880399;0.0166787678069529;1.38729512548596e-06;1.45166480343403e-06;0.000886527600008821;2.3043738265683e-06;3.03865944697786e-06
5.61262981430038e-05;0.310026993959648;0.000586683413855892;0.112706176980528;0.118443428029109;0.00403780100028621;0.000568607413311162;2.25496980433384e-05;0.000266939802616492;0.00370991620567556
0.0417661682276297;1.37730967477671e-05;0.00407730745343627;0.00402955337672329;0.00768956965059376;0.647584903306307;0.0843694357966219;0.23086793235011;0.078722659995524;3.05128196528452e-05
0.000507621243727543;0.0477705659709546;7.00686000134995e-05;0.0160340454749492;6.36412018393663e-05;0.0369598557612594;3.83237668503783e-06;0.514298343732133;0.0062200943289541;2.04212389119423e-05
4.36872584482073e-05;0.0125548097094177;0.000370764515145357;0.000129450183009524;5.5397043044948e-05;0.0264676564471073;0.224233514394573;0.00027402980607681;1.69412358487501e-05;0.120107851269494
0.000132760240718644;1.74016227541472e-06;0.159849392267989;0.00120149862778912;0.000423342586304766;0.588758931261928;1.36044713229625e-05;0.0624771558613053;1.63314594768016e-06;5.47533906374166e-06
6.49287274047884e-06;1.08850158134987e-06;1.88893671520103e-05;0.0308397009845894;0.0383122008953089;9.54117652914353e-06;5.4671481197138e-05;0.487360476089052;0.00200658561350526;0.00092990669199831
0.358586509974829;0.0154098684852309;1.29356825461947e-06;3.49761539133035e-06;0.0831865400002381;5.87386171135748e-05;2.73493240823867e-06;0.00451526370574871;0.0015209841502906;1.72987050142382e-06
2.70458411015213e-05;0.0283026319500294;2.48474520793867e-05;0.000223508263128165;0.000157067809470911;0.00436265308189495;0.00144440820542233;2.37279949003804e-06;0.00345132871249988;0.39861392115565
0.0353632379989902;0.000503551238323798;1.08422312770431e-06;0.0653822821550119;0.00277487345183017;7.62345875601873e-06;0.00264278461406998;0.00263721766497009;0.369717053879564;0.000303881846740393
1.09050967374798e-06;0.814847765821148;4.04282961422903e-06;0.0154682081156531;0.000138089154736634;0.00411775354104994;0.0133891458455969;0.000453396912636572;0.923124238833287;0.550594363355301
2.65377857374153e-06;0.366793303540663;4.57951834580093e-06;0.377301815631189;0.00354477389530392;0.0411515517135131;0.00138228499252595;0.000782673935765852;0.0030576208799623;0.0846027015872013
2.24144672589704e-06;9.10528866433661e-05;0.0215765769983601;3.09959279355884e-05;1.13354358920967e-06;0.00156256328586116;1.55945080255038e-06;2.69871345241813e-06;0.000148512170855238;0.000684794079473222
2.15587117503293e-05;0.00386816106401414;0.000507744801908609;0.000224953509159797;0.101693059722044;0.0195537665621524;2.29494629370758e-05;0.0107026258687879;2.94860914233651e-05;3.40824353888269e-05
0.000387676267205427;0.000168587258914722;0.000875888329839043;0.0465682778363375;0.000594275898423779;0.0868528436386633;0.263885454144775;9.49811102133426e-05;0.00337081112230708;7.83556182348491e-05
0.621108669773366;0.0301171496989368;0.000654726126711779;0.000709321718022222;0.601033705527459;7.90938641501228e-05;0.481248261607823;0.000261334799184051;1.08723279098552e-06;0.0731373603524035
0.00856244276078192;0.0456681881285472;7.93752634372127e-05;0.55498676075623;6.12924584111201e-06;9.22718285113667e-05;0.10944665660055;0.0998788468077648;0.429871611992904;0.20903658025186
0.817773034215179;5.29487746719398e-05;3.09646249872299e-05;0.723953664111687;1.24463942791647e-06;0.011361272920593;0.0952974264718968;0.0010127151986069;2.51976989633898e-05;3.55811535218595e-05
0.329192414663705;1.24231806820474e-05;0.524082097003487;0.689045698384215;1.95778173057277e-05;0.000569785493082317;0.0461636378153253;1.75634694544745e-05;0.00475542546634655;0.00119770636523763
5.9086522230652e-06;1.84588139706387e-06;1.52956752933185e-06;0.105433553969417;0.0041727404296211;0.00167967645599423;0.00436715966920048;1.58672055225635e-06;0.00387546964036918;0.0212801378040448
4.14230248611758e-05;0.000105619054155073;0.482078536154874;0.000361620457839552;6.77631711758442e-06;0.0314309109536866;2.44843208344199e-06;0.00945272354925258;0.86275248742409;0.0492021723956772
0.000272521350545505;2.34073980309314e-05;0.00859597577090721;0.0569165699009276;0.0618394854111896;0.692800434837471;0.0878856345316076;3.11563422569523e-05;3.15378704243768e-05;6.35353967684141e-05
0.210984508113834;0.000211879136400907;0.000285610633279384;0.00173162337948007;2.24762589201587e-06;0.13663092646947;2.68209007864157e-06;0.0155282182540325;0.179045415013934;7.44959275827347e-05
0.048463849116786;4.63106722751541e-05;0.108676356168298;0.00879299028013823;0.000517996318282687;2.92550669094405e-06;0.00183042966731129;2.09056818546232e-06;0.168101058011743;0.0124183709045068
0.425016119578779;0.0241849265572673;0.000765409356283433;0.277950019066355;0.815244416785938;0.0232717724829385;0.0148846739770328;8.58431701045923e-06;0.028411008655305;3.39657627133949e-06
0.000150755271563036;2.31425421160531e-06;3.71122863485038e-06;0.000400729153178144;0.478412786472143;0.238964873016628;0.0345185477807228;0.144660323577983;0.402758202635779;8.78886010309161e-06
0.00306958372145174;0.126953179318501;0.000238564257033586;0.127861388629937;0.00423223660401548;0.00798889993512695;0.0281431628936169;0.00122944495592544;0.0772039016816677;0.00236079243333367
0.00158292935432581;0.829914073865874;1.02370108341791e-06;4.11284532614634e-06;0.00246029375181032;0.00934031940716102;9.69108192091127e-05;0.000624258315318078;0.00012002871304927;0.561652647095061
0.000702534099991791;0.000745734135675353;0.000426895481764993;0.00320181003917141;0.131723436266955;1.81586999545692e-05;3.53488665766876e-05;0.00383130362714059;7.58492336566395e-05;0.0189608918610118
0.00446103193189052;0.0030860089243191;6.40937195481299e-05;0.0935577081931401;0.0595342751193175;0.000634104159099244;0.0436879470890027;0.598981614462916;0.000325621475056389;0.324577193825039
0.0716939262942839;0.0283929785292642;0.000116034063136204;2.37914264437329e-06;0.000393987977341241;0.00538457618873681;3.67053287401648e-05;2.39179205907019e-05;7.72758971273118e-06;0.00355484905573006
0.000257949497696099;6.84004333566732e-05;0.00980720031644173;0.0268693427599253;0.776662234599521;7.09187427927622e-05;0.00232220524078083;0.0319199550498713;7.24818010983235e-06;2.99354267467004e-06
0.00199370831837922;0.000202276764643908;0.0140000500581588;0.0411999905146088;0.228806278634685;0.44897515063863;0.570801248142025;2.96984136423523e-06;0.585841466817782;3.64244500517522e-05
0.00172532595752694;0.00034216492166584;0.24710460875223;0.438425682613509;1.09782062544587e-06;0.000151625528370986;0.000782500384014154;6.39649429385205e-06;0.00679874927994249;0.0609628048892963
3.59800002207123e-06;0.000150336820132652;0.000120056748290894;0.019590499028141;0.000151470172283192;0.723151156743437;0.000248535459100346;7.1258578011472e-05;0.74075016655623;6.98477046937312e-06
0.000428575957532843;0.746396595949225;1.76690017430184e-06;0.00783135819729119;0.000188640440956972;1.57873632205582e-05;0.0330023754171929;1.18665010922907e-06;0.0069705373401663;0.0771403432757516
0.697328511045289;0.000332144478733399;0.143258301923946;0.000210709261220606;0.00800304484245084;0.00684234074659832;0.0763341289345047;0.0183403568041807;0.000343604637248542;0.0100001747982208
0.321701278764036;5.00689267363794e-06;0.00055226012844385;0.00678432920181616;4.42331100260029e-05;0.00135512823589459;0.000409307693458481;7.65880890982898e-05;0.00183104011073671;5.43017934519378e-05
0.646425848130092;0.694167176862166;0.0374797516743002;0.00358552278084249;0.0272476653987022;0.000671706431521558;0.140733113767183;0.00080949862207967;4.022143650044e-06;0.321373574887689
0.00659766717051582;0.000861783256993473;2.07464163462564e-05;0.0219827553355545;0.000201554075666924;0.0328200807706935;0.0177323681429105;2.83453408062343e-06;0.000158760662259081;0.0243569162695805
3.64953165074701e-05;1.1757157849159e-06;0.00491760719214106;1.50709215997211e-06;5.87113168105081e-05;0.00572475078212299;6.24319955430989e-06;0.00727561234338354;8.37759017531727e-06;3.80024518838654e-05
1.73872333827787e-06;0.00411690238643703;0.00159919094959016;0.102528400069015;0.39727625957898;0.630027195096681;0.00799472903153641;1.5768105768662e-05;0.00484860044009892;0.161323674108767
2.11698592536252e-06;0.00215419479887257;0.0238316510195585;0.0984600608971431;0.000755339662674116;1.34789386630967e-05;0.000149591625750385;5.54366904361872e-06;1.96978716516458e-05;1.22620586302009e-05
0.538359992916774;0.383303730129631;0.232910014004902;4.74566524085209e-05;0.000868761850412372;1.11231263183286e-05;3.32123099861156e-05;0.0215510174279281;0.000627030779336101;1.02301776202934e-05
2.92146061915288e-06;8.76136675083136e-05;0.026724694932382;0.0641473333095423;3.41184777592334e-06;4.28578847245751e-05;0.0199216326786873;5.61669196197807e-06;0.000940706626460694;0.0122818792885994
0.059603514133316;1.256476831647e-06;0.0496497145546267;2.48527604398957e-05;0.00549575834541122;0.76010906745872;0.717096788516945;0.798129122249994;2.38149144026159e-06;0.0144953787754139
0.0155705781290246;0.15486986227997;6.23746099860885e-06;0.00114103629888854;3.17448828212722e-05;1.40521741219266e-06;0.0632484831048189;0.000842121529791975;2.4699152137625e-06;9.92698281623302e-06
0.466252911104798;4.0767399849781e-06;0.0045808312299925;5.83070408739521e-05;0.0424963158546593;0.52190521225572;0.000393797512517746;0.000134899082868118;0.0107775452615467;1.5327343886002e-05
1.00700214022643e-06;0.00405968791987508;0.00734022670151475;0.00062319849840391;0.0184338983292536;3.95197535767061e-06;6.44576004546718e-05;0.000405566317731526;0.0351620069760959;0.000138312894868349
0.000173877133814047;0.0916112996620173;5.42794070326407e-06;0.00073112947747768;3.07773252664937e-06;1.29311401358526e-06;0.056712890740461;0.000334340223167837;0.00031126684931228;5.6816615726243e-05
0.000146291256346656;0.00023809309111659;0.000187114072507463;0.0022252466732739;4.88382061710191e-05;0.888795442377273;0.00902950982094019;0.00475128907172643;2.49072907035748e-06;0.00406012330258707
3.25298454990733e-05;0.0372234908148936;2.90915196182621e-05;1.09020851273646e-06;0.13517194368778;0.754610794520268;4.15855095711594e-05;0.351032186103524;0.57421310306781;9.82541652674779e-06
0.198459882637149;0.0559026506803815;0.00497917305011643;0.18273637307078;0.17576124141312;1.17236668003278e-05;0.0120253027621683;3.66846869621464e-05;0.000514406058088367;0.000912314371417255
0.00923949486425633;0.000642306958349665;2.73969948787595e-05;0.0726956735591283;0.0484201224336432;0.000488162522762025;0.0382610216010804;0.056709344113175;0.0624319810041565;0.000492409558938753
0.00167285041916144;4.73358630635009e-06;2.25273487835305e-06;0.00242612246982039;0.0200253140416552;0.152861319251449;0.411029461799451;9.36528214916871e-06;0.000185370894050241;9.24338472170647e-06
0.0254890488410696;0.00156568330414043;8.19629282298267e-06;0.0121100964734837;3.02109911910097e-05;0.103665054450578;0.450701026506975;0.0119903577512232;4.53972023453294e-06;0.000784909240585555
1.37652053917246e-05;0.00210457534858459;0.152011552402849;0.00155167118688487;0.00138782223568912;4.52950337897579e-06;0.0503072697952291;0.000204758316918252;8.82433040534694e-06;0.0192335684711184
0.162161908919972;9.50214988036692e-06;0.152912615783544;0.113062779044823;2.67799184166191e-05;8.38635301449604e-05;1.85035807630844e-06;0.00429063557102064;7.23510272904832e-05;1.0482776107103e-05
0.00603436274787505;2.12724416950668e-06;1.51794895119433e-05;0.000141248661293146;0.000811668171572612;0.0268703145452395;0.00226360312673103;0.000534070333197785;2.57063476216645e-06;0.230578462855386
0.00461845523166147;0.0055138145603879;1.22883986113466e-05;3.02692897060191e-06;0.00157661126905858;0.0718827309663643;0.00288017645189436;0.00639448672934341;0.307507586069096;0.00186804856668917
1.34253215274239e-05;2.43407010593541e-05;0.000290384332150874;0.135352970316113;0.864695417227697;0.0156378697533068;0.212228561730743;7.25088432889418e-06;3.35513434653817e-05;9.97061971195543e-05
1.40697055894799e-06;6.26825871063952e-05;0.00167467728477824;2.72250099794097e-05;0.447356821329878;0.00652840909083041;0.00748973461736822;0.0115268456494303;0.00207816726734659;2.62033585605793e-05
8.46654189665617e-05;0.0409382498952545;0.00763706161694405;2.86642656128067e-05;0.000210500751059259;8.18383345945178e-06;0.0078180749566064;8.88498475576902e-06;3.84042615335697e-05;0.0345482386669025
0.00802992736495015;0.0350520651665945;0.255481955018378;0.99947132700921;0.00282997635217491;0.000384474948832595;1.0419756092354e-06;0.000231860276669109;5.49419331313886e-06;0.00031564660522195
1.03952645137347e-06;0.000956451474492624;0.0012838135057471;1.73240075788094e-06;7.39789891529356e-06;9.21489625534457e-06;3.51057962999645e-06;5.84744380864224e-05;1.45916558549788e-05;1.06757089930782e-06
4.03487715534402e-05;0.00628140729035508;0.00994522598528348;2.99218471337713e-05;0.0126112675737528;1.05523657636701e-06;9.98041799148772e-05;0.00014339535308076;1.28821442156119e-06;1.71939136521371e-05
1.53867422586613e-06;0.0192878594708052;0.206437134851567;0.011726464237196;2.37069062665961e-05;7.02224497709851e-05;1.24921977039419e-05;0.216575295689221;0.00162252301220762;0.000103452622120832
0.000982902563105869;1.81336520537683e-06;2.21145223621215e-05;0.144730656968409;1.71698553287108e-06;1.95254873918317e-06;5.42165879676421e-06;0.000161275416016331;0.00752816137403886;0.148824312510714
1.77137807108241e-05;0.011494681756272;7.31525462392806e-05;0.861041049253752;0.000732562961934568;0.000142153895241334;0.00217155001615766;1.10792755941327e-06;0.0934907747468751;0.000224446304724144
5.91663433248301e-05;0.0206985880448951;2.71135711650222e-06;1.04256785837853e-06;0.00910343357980286;0.0731690760461097;0.628776553134317;0.000425653425949809;0.214702460032008;0.375168374905287
0.00146769334340072;0.159807048677925;0.000217006617170127;0.154990110308087;0.000675532784728252;0.000466771347546655;2.40714001025281e-05;1.74099673865516e-06;0.0116486146493462;0.00166799611902418
1.91409451552303e-06;0.000847078422166511;0.00879477896893093;7.25452363251433e-06;0.835839250668675;0.00047543778960567;0.0540944848284684;0.000147126306183695;0.0220695543685736;0.0153157251208917
0.0192786684251062;0.00131438267334293;0.000339689607535353;0.00139930193802265;0.197886939328297;0.0964521061893461;0.00272121490325243;4.0728356433842e-06;4.29603310749816e-06;7.79123034849915e-06
0.478718036839725;0.0725152810726495;5.03305117220767e-05;0.228094644878292;0.0933314158072246;0.255370552177002;0.00320407309258314;0.000489501169922634;0.000715783933443254;3.99992514032035e-06
0.0144959754129651;0.000234599616970125;3.05633435252332e-06;0.067743607726081;8.55684090418513e-06;4.00656725767583e-05;0.0206186803029029;0.0374368884459818;5.27676409416437e-05;0.289686732457998
3.49748289555283e-06;0.0889504707908668;0.293276075663072;0.00440739284573617;0.00489133987568042;0.000605284746781965;0.000339460976800665;0.000316171687563134;0.00398614775280133;6.71468559848621e-06
0.00048411397792414;0.000767244913016733;1.0850723001477e-05;8.80632629811783e-06;0.00823208017681916;5.11876389060347e-05;0.000418562187278794;0.00178440946010582;0.195439928416939;0.0665872463527216
3.3490776468091e-05;0.150783087455051;7.55412647657892e-06;0.00151115956728516;0.00576699530285602;4.17709683869024e-05;0.792177817497613;0.00262995476040105;0.00220252222614835;4.92046128192278e-05
1.86941652360107e-05;0.00228199910791236;0.000837667974591594;0.0131687076689231;0.017933664845909;0.00173049981228862;0.431374609827219;0.030552086712832;0.00657978479659604;0.000116895884770949
0.0450021288635155;6.65589525371037e-05;0.702646234675275;0.243011203852082;0.0146594984458896;1.11914084133858e-06;0.000270391675067854;0.000445816955206369;1.04845318744523e-06;8.63449557173991e-05
0.0565833366202372;0.000160721836062423;0.623630219746952;8.62273891695984e-05;0.00554955338867654;2.7999110443953e-05;0.0899798699565132;1.37036684692946e-06;0.0658141022726231;0.000593317964976904
0.0324014759358013;0.000600881108252375;0.178894468820511;2.64755789196645e-06;0.0743302012343983;3.76328229621188e-06;0.134894665948046;3.32069963330779e-05;0.286843193676587;0.00889259638418002
0.000297588365117808;3.11214207452365e-06;0.117349985879474;0.0174385651267352;0.152421746349116;0.316736558689174;0.347637452671255;4.5687061878279e-05;7.9582533676192e-06;0.0277174481332764
3.79567127300492e-06;0.00808875735807028;6.77034887736764e-05;0.795680504050277;3.58351446866254e-06;8.10836832300178e-05;3.75531096830933e-05;0.00153148738852439;0.00270058586068158;0.0140463428196799
3.293802984381e-06;0.00128136168051445;9.52873468360831e-06;0.00507231782350968;2.19586412272703e-05;0.0138989610414124;0.168648949176047;0.262290281268668;3.99165696249444e-05;0.249240260516818
1.58843295563486e-06;6.0484692330107e-05;0.000134204489389402;0.0826144035150272;0.00269969592688041;2.30619326293092e-05;0.0653665862416992;0.000376914156332079;0.00286728724591117;0.53179767382149
0.115879122267759;0.000618745665896598;2.32973171542466e-06;8.23221424149156e-05;0.00512711969355369;1.75720690104788e-06;1.18645071688308e-05;0.00492011123751611;0.000166230627671683;0.00283852976125472
0.00552093841197409;0.0214602516983793;0.000344291140195841;1.93861431908497e-05;8.28718116942643e-05;7.48819273077493e-06;0.102886613003259;2.48718793244233e-05;0.00907631585481693;0.00193348187420714
0.77363956532608;0.11462518926577;0.0358924195978895;0.00177749857596623;0.00365783213716202;2.78399390653633e-06;5.7014992766114e-05;0.144267080762968;0.0881385803078006;0.000623075972304659
0.0233206832316158;0.116063877644213;0.127254548515113;2.32489218203415e-05;0.156299354529498;0.000190389626581629;0.0155795929682709;2.18909717822463e-06;0.255401104891962;9.39555901227007e-05
0.0759292115201843;1.08147186224455e-05;0.000487929704213333;0.00380750376795959;8.70073402619824e-05;0.563767597928399;0.00174611268962731;5.88568979015766e-06;0.00366149351137515;0.00204512728549239
0.00254112291516795;0.00134811339525001;0.00419439369629038;6.39701969550056e-06;0.00680280597335523;0.000248189514714725;0.300884456830705;0.174749990499667;2.01169370780539e-05;0.943946808035705
5.49256202771355e-06;7.35333136490213e-06;2.17784891683381e-06;5.51828356808752e-06;1.01139482613713e-06;4.44675329097359e-05;0.00693942639232209;7.03803541880198e-05;0.00584988940046077;0.00249995063428423
1.85748215075223e-06;1.13469707418982e-05;0.604105744346883;6.88073532376763e-05;0.000240603870999536;0.045546978322035;3.26099130494609e-06;0.00024739809025577;0.327876573788717;0.45620079391931
0.00689013234169627;1.34072958291025e-05;0.00014382098244902;4.54466958007783e-05;2.31330642654251e-05;0.00619649572297026;0.000227058757376039;3.11167698517944e-06;0.0169019844711536;0.146680044617327
0.000655471970816118;0.100022066961778;3.78922974579648e-06;0.488729555988951;0.00508770883997596;7.39279381327004e-05;0.0103950189182022;1.48172639203828e-05;0.278145498982709;1.86968015338582e-06
